Transaction_ID,Date,Year,Month,Quarter,Region,Zone,Channel,Therapy_Area,Product,Quantity,Unit_Price,Unit_Cost,Revenue,Profit
TXN1001,2022-11-19,2022,11,Q4,East,Zone C,Distributor,Neurology,Levetiracetam 250mg,121,498.99,222.95,60377.79,33400.84
TXN1002,2022-04-02,2022,4,Q2,East,Zone C,Retail Pharmacy,Oncology,Capecitabine 500mg,409,581.05,236.01,237649.45,141121.36
TXN1003,2022-12-17,2022,12,Q4,South,Zone B,Distributor,Diabetes,Metformin 500mg,363,443.57,234.91,161015.91,75743.58
TXN1004,2023-03-03,2023,3,Q1,East,Zone C,Hospital,Diabetes,Sitagliptin 50mg,413,435.68,251.7,179935.84,75983.74
TXN1005,2022-02-26,2022,2,Q1,East,Zone C,Hospital,Respiratory,Salbutamol Inhaler,437,756.65,430.52,330656.05,142518.81
TXN1006,2023-12-08,2023,12,Q4,South,Zone B,Distributor,Respiratory,Montelukast 10mg,416,562.45,327.91,233979.2,97568.64
TXN1007,2023-04-04,2023,4,Q2,East,Zone C,Retail Pharmacy,Cardiovascular,Atorvastatin 10mg,51,368.87,170.56,18812.37,10113.81
TXN1008,2023-02-16,2023,2,Q1,North,Zone A,Distributor,Diabetes,Glipizide 5mg,251,721.12,417.8,181001.12,76133.32
TXN1009,2023-08-21,2023,8,Q3,West,Zone D,Retail Pharmacy,Neurology,Levetiracetam 250mg,262,341.51,164.4,89475.62,46402.82
TXN1010,2023-09-07,2023,9,Q3,North,Zone A,Hospital,Neurology,Pregabalin 75mg,206,651.65,275.23,134239.9,77542.52
TXN1011,2022-03-27,2022,3,Q1,West,Zone D,Hospital,Cardiovascular,Telmisartan 40mg,130,583.51,371.73,75856.3,27531.4
TXN1012,2023-07-16,2023,7,Q3,South,Zone B,Distributor,Diabetes,Metformin 500mg,250,517.47,258.36,129367.5,64777.5
TXN1013,2023-08-05,2023,8,Q3,East,Zone C,Distributor,Respiratory,Salbutamol Inhaler,263,715.41,387.51,188152.83,86237.7
TXN1014,2022-10-15,2022,10,Q4,South,Zone B,Distributor,Oncology,Imatinib 100mg,304,242.05,99.76,73583.2,43256.16
TXN1015,2022-07-05,2022,7,Q3,South,Zone B,Distributor,Diabetes,Metformin 500mg,290,285.77,157.91,82873.3,37079.4
TXN1016,2022-04-22,2022,4,Q2,East,Zone C,Retail Pharmacy,Respiratory,Salbutamol Inhaler,62,107.73,52.46,6679.26,3426.74
TXN1017,2022-05-20,2022,5,Q2,South,Zone B,Retail Pharmacy,Respiratory,Montelukast 10mg,183,392.4,182.67,71809.2,38380.59
TXN1018,2023-07-01,2023,7,Q3,South,Zone B,Hospital,Oncology,Capecitabine 500mg,397,317.22,213.19,125936.34,41299.91
TXN1019,2022-03-05,2022,3,Q1,East,Zone C,Hospital,Cardiovascular,Amlodipine 5mg,408,173.49,97.19,70783.92,31130.4
TXN1020,2022-06-17,2022,6,Q2,East,Zone C,Retail Pharmacy,Diabetes,Sitagliptin 50mg,209,439.09,268.24,91769.81,35707.65
TXN1021,2022-02-17,2022,2,Q1,North,Zone A,Distributor,Diabetes,Glipizide 5mg,436,275.66,133.82,120187.76,61842.24
TXN1022,2023-06-19,2023,6,Q2,North,Zone A,Retail Pharmacy,Diabetes,Glipizide 5mg,392,258.98,174.16,101520.16,33249.44
TXN1023,2023-06-24,2023,6,Q2,South,Zone B,Distributor,Respiratory,Montelukast 10mg,465,494.52,209.8,229951.8,132394.8
TXN1024,2023-06-09,2023,6,Q2,North,Zone A,Distributor,Respiratory,Montelukast 10mg,444,662.32,423.56,294070.08,106009.44
TXN1025,2023-12-19,2023,12,Q4,South,Zone B,Distributor,Respiratory,Salbutamol Inhaler,492,215.18,131.98,105868.56,40934.4
TXN1026,2023-07-25,2023,7,Q3,West,Zone D,Hospital,Cardiovascular,Amlodipine 5mg,387,678.28,408.8,262494.36,104288.76
TXN1027,2022-12-17,2022,12,Q4,South,Zone B,Retail Pharmacy,Diabetes,Sitagliptin 50mg,193,662.92,375.58,127943.56,55456.62
TXN1028,2022-11-16,2022,11,Q4,North,Zone A,Distributor,Neurology,Levetiracetam 250mg,58,259.15,158.11,15030.7,5860.32
TXN1029,2022-08-03,2022,8,Q3,West,Zone D,Retail Pharmacy,Cardiovascular,Telmisartan 40mg,469,723.92,421.27,339518.48,141942.85
TXN1030,2022-02-03,2022,2,Q1,North,Zone A,Hospital,Oncology,Imatinib 100mg,433,279.02,152.26,120815.66,54887.08
TXN1031,2023-01-08,2023,1,Q1,North,Zone A,Distributor,Neurology,Levetiracetam 250mg,447,294.05,183.47,131440.35,49429.26
TXN1032,2023-12-14,2023,12,Q4,East,Zone C,Retail Pharmacy,Cardiovascular,Amlodipine 5mg,492,325.79,156.24,160288.68,83418.6
TXN1033,2023-08-01,2023,8,Q3,South,Zone B,Distributor,Respiratory,Salbutamol Inhaler,332,375.8,189.79,124765.6,61755.32
TXN1034,2023-03-17,2023,3,Q1,West,Zone D,Retail Pharmacy,Cardiovascular,Amlodipine 5mg,53,68.24,40.51,3616.72,1469.69
TXN1035,2022-12-14,2022,12,Q4,North,Zone A,Hospital,Respiratory,Montelukast 10mg,282,764.8,381.81,215673.6,108003.18
TXN1036,2022-04-01,2022,4,Q2,East,Zone C,Distributor,Oncology,Capecitabine 500mg,240,279.27,127.7,67024.8,36376.8
TXN1037,2023-06-18,2023,6,Q2,West,Zone D,Distributor,Diabetes,Metformin 500mg,107,747.51,314.8,79983.57,46299.97
TXN1038,2022-10-09,2022,10,Q4,South,Zone B,Distributor,Diabetes,Sitagliptin 50mg,435,291.91,191.08,126980.85,43861.05
TXN1039,2022-10-26,2022,10,Q4,South,Zone B,Distributor,Respiratory,Montelukast 10mg,404,242.16,141.29,97832.64,40751.48
TXN1040,2023-01-12,2023,1,Q1,North,Zone A,Distributor,Neurology,Levetiracetam 250mg,313,576.48,368.22,180438.24,65185.38
TXN1041,2023-07-22,2023,7,Q3,East,Zone C,Retail Pharmacy,Neurology,Pregabalin 75mg,496,76.96,41.53,38172.16,17573.28
TXN1042,2023-06-12,2023,6,Q2,South,Zone B,Hospital,Cardiovascular,Atorvastatin 10mg,493,294.99,191.26,145430.07,51138.89
TXN1043,2022-04-20,2022,4,Q2,East,Zone C,Hospital,Neurology,Pregabalin 75mg,399,455.48,269.29,181736.52,74289.81
TXN1044,2023-03-26,2023,3,Q1,South,Zone B,Distributor,Neurology,Pregabalin 75mg,194,349.12,185.05,67729.28,31829.58
TXN1045,2022-07-26,2022,7,Q3,South,Zone B,Retail Pharmacy,Respiratory,Montelukast 10mg,176,571.98,298.97,100668.48,48049.76
TXN1046,2023-09-07,2023,9,Q3,North,Zone A,Distributor,Diabetes,Glipizide 5mg,286,259.95,178.45,74345.7,23309.0
TXN1047,2022-12-25,2022,12,Q4,North,Zone A,Hospital,Respiratory,Salbutamol Inhaler,203,316.98,198.86,64346.94,23978.36
TXN1048,2022-01-12,2022,1,Q1,South,Zone B,Retail Pharmacy,Neurology,Levetiracetam 250mg,143,691.6,422.63,98898.8,38462.71
TXN1049,2023-01-10,2023,1,Q1,South,Zone B,Retail Pharmacy,Respiratory,Salbutamol Inhaler,303,375.39,195.03,113743.17,54649.08
TXN1050,2023-10-24,2023,10,Q4,North,Zone A,Hospital,Neurology,Pregabalin 75mg,299,750.08,412.78,224273.92,100852.7
TXN1051,2023-07-27,2023,7,Q3,North,Zone A,Retail Pharmacy,Neurology,Pregabalin 75mg,307,69.88,40.23,21453.16,9102.55
TXN1052,2022-03-01,2022,3,Q1,East,Zone C,Retail Pharmacy,Neurology,Levetiracetam 250mg,476,756.1,390.02,359903.6,174254.08
TXN1053,2022-12-18,2022,12,Q4,East,Zone C,Distributor,Neurology,Levetiracetam 250mg,144,332.94,137.07,47943.36,28205.28
TXN1054,2023-10-07,2023,10,Q4,East,Zone C,Retail Pharmacy,Cardiovascular,Atorvastatin 10mg,139,305.47,146.08,42460.33,22155.21
TXN1055,2022-08-04,2022,8,Q3,North,Zone A,Retail Pharmacy,Diabetes,Metformin 500mg,469,363.46,250.89,170462.74,52795.33
TXN1056,2022-03-24,2022,3,Q1,North,Zone A,Distributor,Cardiovascular,Telmisartan 40mg,85,329.01,208.24,27965.85,10265.45
TXN1057,2022-07-17,2022,7,Q3,South,Zone B,Hospital,Respiratory,Montelukast 10mg,62,604.93,285.21,37505.66,19822.64
TXN1058,2022-06-12,2022,6,Q2,South,Zone B,Hospital,Neurology,Pregabalin 75mg,446,721.64,372.92,321851.44,155529.12
TXN1059,2022-07-19,2022,7,Q3,North,Zone A,Retail Pharmacy,Oncology,Capecitabine 500mg,333,762.55,522.49,253929.15,79939.98
TXN1060,2022-12-21,2022,12,Q4,East,Zone C,Distributor,Respiratory,Salbutamol Inhaler,74,465.28,215.81,34430.72,18460.78
TXN1061,2022-05-26,2022,5,Q2,West,Zone D,Hospital,Cardiovascular,Telmisartan 40mg,91,780.69,545.53,71042.79,21399.56
TXN1062,2022-02-12,2022,2,Q1,East,Zone C,Hospital,Respiratory,Salbutamol Inhaler,288,157.24,98.82,45285.12,16824.96
TXN1063,2023-09-05,2023,9,Q3,North,Zone A,Retail Pharmacy,Respiratory,Montelukast 10mg,483,718.92,319.19,347238.36,193069.59
TXN1064,2023-04-04,2023,4,Q2,East,Zone C,Retail Pharmacy,Respiratory,Salbutamol Inhaler,194,760.44,529.11,147525.36,44878.02
TXN1065,2023-06-07,2023,6,Q2,West,Zone D,Retail Pharmacy,Oncology,Imatinib 100mg,216,368.17,247.38,79524.72,26090.64
TXN1066,2023-12-09,2023,12,Q4,East,Zone C,Distributor,Respiratory,Salbutamol Inhaler,175,92.23,40.18,16140.25,9108.75
TXN1067,2023-09-01,2023,9,Q3,North,Zone A,Retail Pharmacy,Oncology,Imatinib 100mg,240,408.29,173.47,97989.6,56356.8
TXN1068,2023-05-05,2023,5,Q2,North,Zone A,Distributor,Diabetes,Metformin 500mg,129,445.78,311.11,57505.62,17372.43
TXN1069,2023-09-21,2023,9,Q3,East,Zone C,Retail Pharmacy,Neurology,Levetiracetam 250mg,354,571.81,306.7,202420.74,93848.94
TXN1070,2022-09-06,2022,9,Q3,South,Zone B,Hospital,Oncology,Capecitabine 500mg,61,769.03,320.96,46910.83,27332.27
TXN1071,2023-10-09,2023,10,Q4,West,Zone D,Distributor,Diabetes,Glipizide 5mg,365,487.74,206.47,178025.1,102663.55
TXN1072,2022-05-13,2022,5,Q2,South,Zone B,Retail Pharmacy,Cardiovascular,Amlodipine 5mg,261,502.09,241.65,131045.49,67974.84
TXN1073,2023-03-10,2023,3,Q1,East,Zone C,Retail Pharmacy,Respiratory,Montelukast 10mg,305,485.87,328.33,148190.35,48049.7
TXN1074,2022-07-15,2022,7,Q3,South,Zone B,Hospital,Oncology,Imatinib 100mg,338,633.2,344.53,214021.6,97570.46
TXN1075,2022-09-01,2022,9,Q3,East,Zone C,Retail Pharmacy,Respiratory,Montelukast 10mg,391,671.87,383.45,262701.17,112772.22
TXN1076,2022-05-05,2022,5,Q2,North,Zone A,Retail Pharmacy,Oncology,Imatinib 100mg,360,698.54,449.77,251474.4,89557.2
TXN1077,2022-05-21,2022,5,Q2,East,Zone C,Retail Pharmacy,Respiratory,Salbutamol Inhaler,214,617.81,317.16,132211.34,64339.1
TXN1078,2022-04-02,2022,4,Q2,North,Zone A,Distributor,Cardiovascular,Telmisartan 40mg,495,708.67,444.41,350791.65,130808.7
TXN1079,2023-06-01,2023,6,Q2,West,Zone D,Retail Pharmacy,Diabetes,Glipizide 5mg,167,673.53,331.6,112479.51,57102.31
TXN1080,2023-11-23,2023,11,Q4,West,Zone D,Distributor,Respiratory,Montelukast 10mg,362,492.47,267.91,178274.14,81290.72
TXN1081,2023-11-02,2023,11,Q4,North,Zone A,Retail Pharmacy,Respiratory,Montelukast 10mg,484,727.36,425.64,352042.24,146032.48
TXN1082,2023-11-06,2023,11,Q4,South,Zone B,Hospital,Diabetes,Glipizide 5mg,484,728.12,367.32,352410.08,174627.2
TXN1083,2022-10-10,2022,10,Q4,West,Zone D,Hospital,Neurology,Pregabalin 75mg,100,573.23,366.26,57323.0,20697.0
TXN1084,2023-06-11,2023,6,Q2,South,Zone B,Distributor,Cardiovascular,Amlodipine 5mg,102,310.56,143.71,31677.12,17018.7
TXN1085,2022-11-04,2022,11,Q4,East,Zone C,Hospital,Cardiovascular,Telmisartan 40mg,423,573.25,260.27,242484.75,132390.54
TXN1086,2022-02-05,2022,2,Q1,East,Zone C,Retail Pharmacy,Oncology,Imatinib 100mg,110,194.22,80.07,21364.2,12556.5
TXN1087,2023-05-26,2023,5,Q2,West,Zone D,Retail Pharmacy,Diabetes,Metformin 500mg,375,140.48,75.61,52680.0,24326.25
TXN1088,2023-11-22,2023,11,Q4,South,Zone B,Distributor,Cardiovascular,Atorvastatin 10mg,122,119.22,64.9,14544.84,6627.04
TXN1089,2023-01-03,2023,1,Q1,West,Zone D,Hospital,Oncology,Imatinib 100mg,75,701.23,298.27,52592.25,30222.0
TXN1090,2023-08-24,2023,8,Q3,West,Zone D,Distributor,Diabetes,Sitagliptin 50mg,435,610.6,250.96,265611.0,156443.4
TXN1091,2022-11-06,2022,11,Q4,East,Zone C,Distributor,Oncology,Imatinib 100mg,288,72.85,48.09,20980.8,7130.88
TXN1092,2022-12-22,2022,12,Q4,East,Zone C,Retail Pharmacy,Cardiovascular,Telmisartan 40mg,251,472.97,308.48,118715.47,41286.99
TXN1093,2022-04-13,2022,4,Q2,South,Zone B,Retail Pharmacy,Neurology,Levetiracetam 250mg,74,559.33,356.15,41390.42,15035.32
TXN1094,2023-02-19,2023,2,Q1,East,Zone C,Retail Pharmacy,Neurology,Levetiracetam 250mg,160,609.08,322.51,97452.8,45851.2
TXN1095,2023-10-13,2023,10,Q4,North,Zone A,Retail Pharmacy,Respiratory,Montelukast 10mg,369,478.08,242.3,176411.52,87002.82
TXN1096,2022-06-04,2022,6,Q2,North,Zone A,Retail Pharmacy,Cardiovascular,Amlodipine 5mg,326,164.64,78.0,53672.64,28244.64
TXN1097,2022-03-06,2022,3,Q1,East,Zone C,Retail Pharmacy,Cardiovascular,Telmisartan 40mg,80,357.8,248.57,28624.0,8738.4
TXN1098,2023-06-19,2023,6,Q2,West,Zone D,Retail Pharmacy,Neurology,Levetiracetam 250mg,167,243.43,109.85,40652.81,22307.86
TXN1099,2022-08-06,2022,8,Q3,North,Zone A,Retail Pharmacy,Diabetes,Sitagliptin 50mg,75,259.98,164.01,19498.5,7197.75
TXN1100,2023-01-26,2023,1,Q1,South,Zone B,Retail Pharmacy,Neurology,Levetiracetam 250mg,69,231.81,100.71,15994.89,9045.9
TXN1101,2022-04-18,2022,4,Q2,West,Zone D,Retail Pharmacy,Respiratory,Montelukast 10mg,382,449.44,186.76,171686.08,100343.76
TXN1102,2022-08-09,2022,8,Q3,North,Zone A,Hospital,Diabetes,Glipizide 5mg,179,115.9,51.19,20746.1,11583.09
TXN1103,2023-06-12,2023,6,Q2,North,Zone A,Retail Pharmacy,Oncology,Imatinib 100mg,468,311.65,211.57,145852.2,46837.44
TXN1104,2022-09-08,2022,9,Q3,South,Zone B,Retail Pharmacy,Respiratory,Montelukast 10mg,467,185.92,78.08,86824.64,50361.28
TXN1105,2022-09-21,2022,9,Q3,West,Zone D,Hospital,Respiratory,Montelukast 10mg,278,201.22,90.37,55939.16,30816.3
TXN1106,2023-10-25,2023,10,Q4,North,Zone A,Retail Pharmacy,Oncology,Imatinib 100mg,111,319.12,211.63,35422.32,11931.39
TXN1107,2023-01-17,2023,1,Q1,West,Zone D,Hospital,Oncology,Imatinib 100mg,72,379.06,217.29,27292.32,11647.44
TXN1108,2022-08-06,2022,8,Q3,East,Zone C,Distributor,Diabetes,Glipizide 5mg,153,518.18,225.44,79281.54,44789.22
TXN1109,2023-04-07,2023,4,Q2,East,Zone C,Distributor,Oncology,Capecitabine 500mg,64,708.97,388.96,45374.08,20480.64
TXN1110,2022-01-22,2022,1,Q1,West,Zone D,Retail Pharmacy,Respiratory,Montelukast 10mg,460,607.96,249.3,279661.6,164983.6
TXN1111,2023-01-04,2023,1,Q1,South,Zone B,Hospital,Respiratory,Salbutamol Inhaler,167,665.94,288.48,111211.98,63035.82
TXN1112,2022-08-13,2022,8,Q3,West,Zone D,Retail Pharmacy,Neurology,Pregabalin 75mg,310,414.77,216.79,128578.7,61373.8
TXN1113,2023-04-11,2023,4,Q2,East,Zone C,Retail Pharmacy,Oncology,Imatinib 100mg,331,238.85,120.31,79059.35,39236.74
TXN1114,2022-12-25,2022,12,Q4,South,Zone B,Hospital,Diabetes,Glipizide 5mg,267,489.67,270.18,130741.89,58603.83
TXN1115,2023-12-05,2023,12,Q4,East,Zone C,Distributor,Neurology,Levetiracetam 250mg,405,739.06,470.8,299319.3,108645.3
TXN1116,2023-09-22,2023,9,Q3,South,Zone B,Distributor,Cardiovascular,Telmisartan 40mg,100,602.33,409.77,60233.0,19256.0
TXN1117,2022-05-25,2022,5,Q2,East,Zone C,Hospital,Cardiovascular,Atorvastatin 10mg,395,679.17,297.07,268272.15,150929.5
TXN1118,2022-05-20,2022,5,Q2,East,Zone C,Hospital,Oncology,Capecitabine 500mg,480,91.07,45.59,43713.6,21830.4
TXN1119,2022-04-07,2022,4,Q2,North,Zone A,Retail Pharmacy,Diabetes,Metformin 500mg,74,697.64,472.22,51625.36,16681.08
TXN1120,2022-11-24,2022,11,Q4,East,Zone C,Hospital,Diabetes,Sitagliptin 50mg,492,389.33,172.18,191550.36,106837.8
TXN1121,2022-08-22,2022,8,Q3,East,Zone C,Retail Pharmacy,Neurology,Pregabalin 75mg,210,321.8,184.77,67578.0,28776.3
TXN1122,2022-07-22,2022,7,Q3,West,Zone D,Retail Pharmacy,Diabetes,Metformin 500mg,386,770.8,342.7,297528.8,165246.6
TXN1123,2022-07-19,2022,7,Q3,West,Zone D,Distributor,Respiratory,Montelukast 10mg,306,282.45,146.65,86429.7,41554.8
TXN1124,2023-01-19,2023,1,Q1,West,Zone D,Retail Pharmacy,Oncology,Capecitabine 500mg,478,333.29,216.96,159312.62,55605.74
TXN1125,2023-02-04,2023,2,Q1,North,Zone A,Hospital,Oncology,Imatinib 100mg,162,350.57,199.09,56792.34,24539.76
TXN1126,2022-03-02,2022,3,Q1,West,Zone D,Hospital,Respiratory,Salbutamol Inhaler,337,254.23,170.14,85675.51,28338.33
TXN1127,2023-07-03,2023,7,Q3,East,Zone C,Distributor,Neurology,Pregabalin 75mg,398,355.99,201.32,141684.02,61558.66
TXN1128,2023-09-15,2023,9,Q3,East,Zone C,Retail Pharmacy,Respiratory,Montelukast 10mg,288,477.08,317.85,137399.04,45858.24
TXN1129,2023-04-23,2023,4,Q2,East,Zone C,Retail Pharmacy,Oncology,Capecitabine 500mg,214,155.81,81.32,33343.34,15940.86
TXN1130,2022-07-04,2022,7,Q3,East,Zone C,Hospital,Diabetes,Sitagliptin 50mg,134,69.9,31.76,9366.6,5110.76
TXN1131,2022-05-03,2022,5,Q2,West,Zone D,Distributor,Diabetes,Glipizide 5mg,453,301.9,195.49,136760.7,48203.73
TXN1132,2022-05-21,2022,5,Q2,East,Zone C,Distributor,Neurology,Pregabalin 75mg,471,630.38,320.75,296908.98,145835.73
TXN1133,2023-08-14,2023,8,Q3,West,Zone D,Distributor,Diabetes,Glipizide 5mg,130,701.35,383.1,91175.5,41372.5
TXN1134,2022-01-25,2022,1,Q1,West,Zone D,Distributor,Cardiovascular,Atorvastatin 10mg,63,606.27,369.61,38195.01,14909.58
TXN1135,2023-10-05,2023,10,Q4,North,Zone A,Distributor,Oncology,Capecitabine 500mg,491,725.43,440.6,356186.13,139851.53
TXN1136,2023-04-25,2023,4,Q2,South,Zone B,Retail Pharmacy,Diabetes,Metformin 500mg,90,255.54,144.7,22998.6,9975.6
TXN1137,2022-10-06,2022,10,Q4,South,Zone B,Distributor,Neurology,Levetiracetam 250mg,391,152.66,102.28,59690.06,19698.58
TXN1138,2022-05-26,2022,5,Q2,West,Zone D,Retail Pharmacy,Diabetes,Metformin 500mg,443,735.81,386.76,325963.83,154629.15
TXN1139,2022-01-21,2022,1,Q1,West,Zone D,Distributor,Diabetes,Glipizide 5mg,356,117.75,74.34,41919.0,15453.96
TXN1140,2023-01-02,2023,1,Q1,West,Zone D,Distributor,Oncology,Capecitabine 500mg,236,272.84,155.5,64390.24,27692.24
TXN1141,2022-10-20,2022,10,Q4,East,Zone C,Distributor,Respiratory,Montelukast 10mg,85,454.88,204.06,38664.8,21319.7
TXN1142,2022-02-09,2022,2,Q1,North,Zone A,Hospital,Oncology,Imatinib 100mg,250,628.18,271.36,157045.0,89205.0
TXN1143,2022-08-18,2022,8,Q3,North,Zone A,Hospital,Cardiovascular,Amlodipine 5mg,91,394.76,166.9,35923.16,20735.26
TXN1144,2023-06-27,2023,6,Q2,West,Zone D,Distributor,Neurology,Levetiracetam 250mg,403,127.32,62.94,51309.96,25945.14
TXN1145,2023-09-16,2023,9,Q3,North,Zone A,Distributor,Respiratory,Salbutamol Inhaler,360,440.98,187.86,158752.8,91123.2
TXN1146,2022-05-18,2022,5,Q2,West,Zone D,Hospital,Respiratory,Salbutamol Inhaler,423,527.92,366.47,223310.16,68293.35
TXN1147,2022-10-17,2022,10,Q4,West,Zone D,Distributor,Oncology,Capecitabine 500mg,96,83.12,47.92,7979.52,3379.2
TXN1148,2023-07-19,2023,7,Q3,South,Zone B,Retail Pharmacy,Respiratory,Montelukast 10mg,319,140.39,86.94,44784.41,17050.55
TXN1149,2022-04-07,2022,4,Q2,East,Zone C,Hospital,Respiratory,Montelukast 10mg,472,391.36,217.88,184721.92,81882.56
TXN1150,2023-02-23,2023,2,Q1,South,Zone B,Distributor,Oncology,Capecitabine 500mg,180,572.22,287.23,102999.6,51298.2
TXN1151,2023-09-10,2023,9,Q3,West,Zone D,Retail Pharmacy,Cardiovascular,Amlodipine 5mg,446,519.42,345.83,231661.32,77421.14
TXN1152,2023-11-03,2023,11,Q4,South,Zone B,Distributor,Oncology,Capecitabine 500mg,296,189.1,97.42,55973.6,27137.28
TXN1153,2023-01-24,2023,1,Q1,East,Zone C,Distributor,Neurology,Levetiracetam 250mg,367,409.91,241.13,150436.97,61942.26
TXN1154,2022-07-03,2022,7,Q3,North,Zone A,Hospital,Diabetes,Glipizide 5mg,389,603.19,284.48,234640.91,123978.19
TXN1155,2023-05-15,2023,5,Q2,South,Zone B,Hospital,Diabetes,Glipizide 5mg,202,257.95,173.63,52105.9,17032.64
TXN1156,2023-04-05,2023,4,Q2,East,Zone C,Distributor,Cardiovascular,Amlodipine 5mg,189,767.31,490.62,145021.59,52294.41
TXN1157,2022-02-08,2022,2,Q1,West,Zone D,Hospital,Oncology,Capecitabine 500mg,202,607.51,254.85,122717.02,71237.32
TXN1158,2022-10-17,2022,10,Q4,East,Zone C,Retail Pharmacy,Respiratory,Salbutamol Inhaler,156,182.4,85.03,28454.4,15189.72
TXN1159,2023-07-17,2023,7,Q3,East,Zone C,Hospital,Respiratory,Salbutamol Inhaler,226,438.7,254.09,99146.2,41721.86
TXN1160,2023-02-03,2023,2,Q1,East,Zone C,Retail Pharmacy,Diabetes,Sitagliptin 50mg,111,797.25,533.54,88494.75,29271.81
TXN1161,2022-09-09,2022,9,Q3,North,Zone A,Distributor,Respiratory,Salbutamol Inhaler,117,485.06,207.34,56752.02,32493.24
TXN1162,2022-03-15,2022,3,Q1,East,Zone C,Hospital,Neurology,Levetiracetam 250mg,458,689.15,282.98,315630.7,186025.86
TXN1163,2023-08-05,2023,8,Q3,North,Zone A,Retail Pharmacy,Oncology,Imatinib 100mg,173,329.52,157.49,57006.96,29761.19
TXN1164,2023-12-19,2023,12,Q4,South,Zone B,Retail Pharmacy,Respiratory,Montelukast 10mg,130,96.14,63.92,12498.2,4188.6
TXN1165,2022-01-01,2022,1,Q1,East,Zone C,Distributor,Diabetes,Sitagliptin 50mg,311,440.95,291.22,137135.45,46566.03
TXN1166,2022-09-06,2022,9,Q3,East,Zone C,Distributor,Cardiovascular,Amlodipine 5mg,230,560.11,327.99,128825.3,53387.6
TXN1167,2023-09-11,2023,9,Q3,North,Zone A,Hospital,Oncology,Imatinib 100mg,80,669.36,293.62,53548.8,30059.2
TXN1168,2023-12-27,2023,12,Q4,South,Zone B,Hospital,Diabetes,Glipizide 5mg,344,194.85,82.86,67028.4,38524.56
TXN1169,2023-12-06,2023,12,Q4,North,Zone A,Distributor,Cardiovascular,Telmisartan 40mg,497,454.99,288.44,226130.03,82775.35
TXN1170,2023-02-05,2023,2,Q1,South,Zone B,Hospital,Diabetes,Metformin 500mg,368,344.11,156.17,126632.48,69161.92
TXN1171,2023-04-12,2023,4,Q2,South,Zone B,Retail Pharmacy,Neurology,Pregabalin 75mg,291,760.47,342.15,221296.77,121731.12
TXN1172,2022-06-15,2022,6,Q2,North,Zone A,Hospital,Diabetes,Glipizide 5mg,169,84.31,55.77,14248.39,4823.26
TXN1173,2022-04-01,2022,4,Q2,West,Zone D,Retail Pharmacy,Neurology,Levetiracetam 250mg,430,337.71,141.73,145215.3,84271.4
TXN1174,2023-07-04,2023,7,Q3,East,Zone C,Hospital,Oncology,Imatinib 100mg,75,169.2,91.46,12690.0,5830.5
TXN1175,2022-07-02,2022,7,Q3,East,Zone C,Distributor,Respiratory,Salbutamol Inhaler,334,570.26,265.87,190466.84,101666.26
TXN1176,2022-11-21,2022,11,Q4,South,Zone B,Distributor,Neurology,Pregabalin 75mg,244,763.15,339.84,186208.6,103287.64
TXN1177,2023-06-01,2023,6,Q2,West,Zone D,Retail Pharmacy,Respiratory,Salbutamol Inhaler,196,255.66,177.73,50109.36,15274.28
TXN1178,2022-01-12,2022,1,Q1,West,Zone D,Distributor,Diabetes,Metformin 500mg,330,586.19,333.44,193442.7,83407.5
TXN1179,2022-01-14,2022,1,Q1,West,Zone D,Retail Pharmacy,Neurology,Pregabalin 75mg,142,632.45,399.25,89807.9,33114.4
TXN1180,2023-12-20,2023,12,Q4,West,Zone D,Retail Pharmacy,Oncology,Imatinib 100mg,230,733.88,506.56,168792.4,52283.6
TXN1181,2023-07-09,2023,7,Q3,East,Zone C,Retail Pharmacy,Cardiovascular,Atorvastatin 10mg,322,505.48,239.73,162764.56,85571.5
TXN1182,2023-06-13,2023,6,Q2,West,Zone D,Hospital,Cardiovascular,Telmisartan 40mg,166,492.7,261.12,81788.2,38442.28
TXN1183,2023-02-11,2023,2,Q1,West,Zone D,Hospital,Respiratory,Montelukast 10mg,415,781.02,481.55,324123.3,124280.05
TXN1184,2022-08-17,2022,8,Q3,North,Zone A,Hospital,Cardiovascular,Atorvastatin 10mg,316,410.38,177.07,129680.08,73725.96
TXN1185,2022-10-02,2022,10,Q4,South,Zone B,Hospital,Neurology,Pregabalin 75mg,473,57.33,28.55,27117.09,13612.94
TXN1186,2023-01-02,2023,1,Q1,North,Zone A,Retail Pharmacy,Cardiovascular,Amlodipine 5mg,126,108.93,56.54,13725.18,6601.14
TXN1187,2023-02-17,2023,2,Q1,East,Zone C,Distributor,Diabetes,Glipizide 5mg,192,200.11,90.1,38421.12,21121.92
TXN1188,2023-09-09,2023,9,Q3,North,Zone A,Retail Pharmacy,Oncology,Imatinib 100mg,311,512.45,299.21,159371.95,66317.64
TXN1189,2023-11-04,2023,11,Q4,West,Zone D,Retail Pharmacy,Diabetes,Glipizide 5mg,432,110.09,73.59,47558.88,15768.0
TXN1190,2022-09-22,2022,9,Q3,South,Zone B,Distributor,Diabetes,Sitagliptin 50mg,237,598.69,254.14,141889.53,81658.35
TXN1191,2022-03-13,2022,3,Q1,West,Zone D,Hospital,Respiratory,Salbutamol Inhaler,171,296.76,160.56,50745.96,23290.2
TXN1192,2023-03-22,2023,3,Q1,East,Zone C,Hospital,Respiratory,Salbutamol Inhaler,349,466.52,287.26,162815.48,62561.74
TXN1193,2022-12-22,2022,12,Q4,West,Zone D,Distributor,Cardiovascular,Telmisartan 40mg,251,352.45,164.3,88464.95,47225.65
TXN1194,2023-01-24,2023,1,Q1,East,Zone C,Hospital,Cardiovascular,Telmisartan 40mg,399,770.59,404.38,307465.41,146117.79
TXN1195,2023-04-09,2023,4,Q2,West,Zone D,Retail Pharmacy,Neurology,Pregabalin 75mg,493,80.08,52.86,39479.44,13419.46
TXN1196,2022-02-19,2022,2,Q1,North,Zone A,Retail Pharmacy,Diabetes,Glipizide 5mg,469,366.29,176.94,171790.01,88805.15
TXN1197,2022-02-26,2022,2,Q1,South,Zone B,Retail Pharmacy,Respiratory,Montelukast 10mg,89,677.0,318.69,60253.0,31889.59
TXN1198,2023-02-09,2023,2,Q1,East,Zone C,Retail Pharmacy,Diabetes,Glipizide 5mg,424,359.77,151.37,152542.48,88361.6
TXN1199,2022-08-06,2022,8,Q3,South,Zone B,Hospital,Neurology,Levetiracetam 250mg,280,319.43,184.59,89440.4,37755.2
TXN1200,2023-02-08,2023,2,Q1,East,Zone C,Hospital,Cardiovascular,Amlodipine 5mg,212,542.55,269.95,115020.6,57791.2
TXN1201,2022-06-12,2022,6,Q2,East,Zone C,Retail Pharmacy,Oncology,Capecitabine 500mg,319,298.17,159.41,95116.23,44264.44
TXN1202,2023-08-22,2023,8,Q3,North,Zone A,Hospital,Cardiovascular,Amlodipine 5mg,220,761.44,362.26,167516.8,87819.6
TXN1203,2022-12-24,2022,12,Q4,East,Zone C,Distributor,Respiratory,Salbutamol Inhaler,214,636.34,389.2,136176.76,52887.96
TXN1204,2022-04-05,2022,4,Q2,East,Zone C,Retail Pharmacy,Neurology,Levetiracetam 250mg,419,790.02,345.15,331018.38,186400.53
TXN1205,2022-06-19,2022,6,Q2,North,Zone A,Retail Pharmacy,Cardiovascular,Telmisartan 40mg,294,116.42,50.18,34227.48,19474.56
TXN1206,2023-08-18,2023,8,Q3,West,Zone D,Hospital,Diabetes,Metformin 500mg,300,53.7,36.81,16110.0,5067.0
TXN1207,2022-12-13,2022,12,Q4,North,Zone A,Retail Pharmacy,Oncology,Capecitabine 500mg,343,154.74,63.29,53075.82,31367.35
TXN1208,2023-02-06,2023,2,Q1,South,Zone B,Hospital,Neurology,Levetiracetam 250mg,390,120.43,72.47,46967.7,18704.4
TXN1209,2022-07-18,2022,7,Q3,East,Zone C,Hospital,Diabetes,Metformin 500mg,267,330.72,134.03,88302.24,52516.23
TXN1210,2023-09-16,2023,9,Q3,South,Zone B,Retail Pharmacy,Cardiovascular,Telmisartan 40mg,351,739.01,428.76,259392.51,108897.75
TXN1211,2023-12-09,2023,12,Q4,North,Zone A,Hospital,Respiratory,Salbutamol Inhaler,499,799.56,331.39,398980.44,233616.83
TXN1212,2022-05-02,2022,5,Q2,North,Zone A,Hospital,Cardiovascular,Amlodipine 5mg,126,266.51,115.33,33580.26,19048.68
TXN1213,2022-06-13,2022,6,Q2,South,Zone B,Distributor,Neurology,Pregabalin 75mg,131,708.42,350.78,92803.02,46850.84
TXN1214,2022-01-19,2022,1,Q1,North,Zone A,Hospital,Cardiovascular,Amlodipine 5mg,125,507.37,288.71,63421.25,27332.5
TXN1215,2023-01-03,2023,1,Q1,North,Zone A,Retail Pharmacy,Cardiovascular,Amlodipine 5mg,340,220.45,93.02,74953.0,43326.2
TXN1216,2023-09-02,2023,9,Q3,South,Zone B,Retail Pharmacy,Diabetes,Glipizide 5mg,52,456.77,313.09,23752.04,7471.36
TXN1217,2023-09-15,2023,9,Q3,West,Zone D,Distributor,Respiratory,Salbutamol Inhaler,61,161.74,90.25,9866.14,4360.89
TXN1218,2022-05-21,2022,5,Q2,East,Zone C,Distributor,Diabetes,Sitagliptin 50mg,456,373.15,249.64,170156.4,56320.56
TXN1219,2022-04-14,2022,4,Q2,North,Zone A,Hospital,Neurology,Levetiracetam 250mg,326,409.39,187.65,133461.14,72287.24
TXN1220,2023-11-16,2023,11,Q4,West,Zone D,Retail Pharmacy,Respiratory,Montelukast 10mg,206,652.27,366.41,134367.62,58887.16
TXN1221,2022-04-12,2022,4,Q2,West,Zone D,Retail Pharmacy,Diabetes,Glipizide 5mg,139,141.41,64.25,19655.99,10725.24
TXN1222,2022-08-04,2022,8,Q3,East,Zone C,Retail Pharmacy,Respiratory,Salbutamol Inhaler,290,475.48,226.79,137889.2,72120.1
TXN1223,2023-11-22,2023,11,Q4,East,Zone C,Hospital,Cardiovascular,Amlodipine 5mg,190,501.21,323.66,95229.9,33734.5
TXN1224,2023-08-24,2023,8,Q3,South,Zone B,Hospital,Cardiovascular,Telmisartan 40mg,427,320.58,215.36,136887.66,44928.94
TXN1225,2023-02-10,2023,2,Q1,South,Zone B,Hospital,Oncology,Imatinib 100mg,201,666.96,351.57,134058.96,63393.39
TXN1226,2023-01-03,2023,1,Q1,South,Zone B,Retail Pharmacy,Oncology,Capecitabine 500mg,488,489.96,220.68,239100.48,131408.64
TXN1227,2023-05-11,2023,5,Q2,North,Zone A,Retail Pharmacy,Respiratory,Salbutamol Inhaler,192,222.68,102.85,42754.56,23007.36
TXN1228,2022-09-18,2022,9,Q3,North,Zone A,Distributor,Respiratory,Salbutamol Inhaler,307,255.91,148.2,78564.37,33066.97
TXN1229,2022-01-26,2022,1,Q1,South,Zone B,Retail Pharmacy,Respiratory,Salbutamol Inhaler,329,146.3,63.09,48132.7,27376.09
TXN1230,2023-08-08,2023,8,Q3,South,Zone B,Hospital,Respiratory,Montelukast 10mg,278,720.64,329.74,200337.92,108670.2
TXN1231,2023-01-27,2023,1,Q1,East,Zone C,Hospital,Cardiovascular,Telmisartan 40mg,365,100.71,64.47,36759.15,13227.6
TXN1232,2023-12-02,2023,12,Q4,West,Zone D,Distributor,Diabetes,Sitagliptin 50mg,430,392.64,179.47,168835.2,91663.1
TXN1233,2022-03-22,2022,3,Q1,West,Zone D,Retail Pharmacy,Diabetes,Glipizide 5mg,403,384.76,192.41,155058.28,77517.05
TXN1234,2022-09-25,2022,9,Q3,West,Zone D,Distributor,Respiratory,Salbutamol Inhaler,360,451.87,193.85,162673.2,92887.2
TXN1235,2023-12-13,2023,12,Q4,West,Zone D,Distributor,Neurology,Levetiracetam 250mg,185,646.59,438.49,119619.15,38498.5
TXN1236,2023-05-21,2023,5,Q2,West,Zone D,Retail Pharmacy,Oncology,Capecitabine 500mg,409,626.45,296.37,256218.05,135002.72
TXN1237,2023-01-14,2023,1,Q1,South,Zone B,Hospital,Diabetes,Sitagliptin 50mg,321,430.13,192.61,138071.73,76243.92
TXN1238,2023-09-01,2023,9,Q3,East,Zone C,Distributor,Diabetes,Metformin 500mg,390,309.74,146.11,120798.6,63815.7
TXN1239,2022-10-22,2022,10,Q4,East,Zone C,Distributor,Neurology,Pregabalin 75mg,245,705.0,316.21,172725.0,95253.55
TXN1240,2023-10-18,2023,10,Q4,East,Zone C,Hospital,Neurology,Levetiracetam 250mg,61,747.95,325.29,45624.95,25782.26
TXN1241,2023-06-09,2023,6,Q2,East,Zone C,Distributor,Diabetes,Glipizide 5mg,116,642.52,315.74,74532.32,37906.48
TXN1242,2022-02-10,2022,2,Q1,North,Zone A,Hospital,Oncology,Capecitabine 500mg,468,309.57,214.43,144878.76,44525.52
TXN1243,2023-01-16,2023,1,Q1,South,Zone B,Retail Pharmacy,Cardiovascular,Amlodipine 5mg,213,504.78,222.99,107518.14,60021.27
TXN1244,2022-03-02,2022,3,Q1,South,Zone B,Hospital,Respiratory,Montelukast 10mg,474,668.9,401.27,317058.6,126856.62
TXN1245,2022-04-13,2022,4,Q2,South,Zone B,Distributor,Neurology,Levetiracetam 250mg,222,462.15,318.77,102597.3,31830.36
TXN1246,2022-12-02,2022,12,Q4,South,Zone B,Distributor,Neurology,Pregabalin 75mg,496,530.62,246.64,263187.52,140854.08
TXN1247,2022-02-18,2022,2,Q1,East,Zone C,Hospital,Oncology,Imatinib 100mg,315,208.82,113.89,65778.3,29902.95
TXN1248,2022-09-14,2022,9,Q3,East,Zone C,Distributor,Cardiovascular,Telmisartan 40mg,148,105.97,67.27,15683.56,5727.6
TXN1249,2023-04-20,2023,4,Q2,East,Zone C,Hospital,Neurology,Levetiracetam 250mg,152,221.67,104.14,33693.84,17864.56
TXN1250,2023-07-03,2023,7,Q3,West,Zone D,Distributor,Neurology,Pregabalin 75mg,227,148.03,98.59,33602.81,11222.88
TXN1251,2023-07-23,2023,7,Q3,East,Zone C,Retail Pharmacy,Neurology,Pregabalin 75mg,278,340.31,234.52,94606.18,29409.62
TXN1252,2023-06-24,2023,6,Q2,South,Zone B,Distributor,Oncology,Imatinib 100mg,128,486.61,294.05,62286.08,24647.68
TXN1253,2022-10-05,2022,10,Q4,North,Zone A,Hospital,Cardiovascular,Amlodipine 5mg,291,521.97,239.93,151893.27,82073.64
TXN1254,2022-01-23,2022,1,Q1,West,Zone D,Hospital,Neurology,Levetiracetam 250mg,237,534.57,293.91,126693.09,57036.42
TXN1255,2023-12-20,2023,12,Q4,South,Zone B,Hospital,Neurology,Pregabalin 75mg,131,407.01,208.7,53318.31,25978.61
TXN1256,2023-01-09,2023,1,Q1,South,Zone B,Hospital,Diabetes,Metformin 500mg,154,126.61,75.66,19497.94,7846.3
TXN1257,2022-01-08,2022,1,Q1,South,Zone B,Hospital,Neurology,Pregabalin 75mg,59,747.74,355.86,44116.66,23120.92
TXN1258,2023-08-17,2023,8,Q3,West,Zone D,Distributor,Oncology,Imatinib 100mg,492,387.59,181.43,190694.28,101430.72
TXN1259,2022-12-08,2022,12,Q4,West,Zone D,Hospital,Respiratory,Salbutamol Inhaler,498,382.45,158.47,190460.1,111542.04
TXN1260,2022-03-20,2022,3,Q1,East,Zone C,Hospital,Oncology,Imatinib 100mg,457,129.03,52.99,58966.71,34750.28
TXN1261,2023-04-19,2023,4,Q2,West,Zone D,Distributor,Diabetes,Sitagliptin 50mg,188,778.06,531.18,146275.28,46413.44
TXN1262,2022-06-15,2022,6,Q2,East,Zone C,Hospital,Diabetes,Metformin 500mg,401,101.53,53.54,40713.53,19243.99
TXN1263,2023-02-09,2023,2,Q1,East,Zone C,Hospital,Cardiovascular,Amlodipine 5mg,98,241.56,115.52,23672.88,12351.92
TXN1264,2023-02-08,2023,2,Q1,North,Zone A,Retail Pharmacy,Diabetes,Sitagliptin 50mg,315,649.04,316.63,204447.6,104709.15
TXN1265,2023-12-08,2023,12,Q4,South,Zone B,Retail Pharmacy,Respiratory,Salbutamol Inhaler,275,146.07,73.25,40169.25,20025.5
TXN1266,2023-11-22,2023,11,Q4,East,Zone C,Retail Pharmacy,Cardiovascular,Amlodipine 5mg,383,379.55,221.61,145367.65,60491.02
TXN1267,2023-03-26,2023,3,Q1,West,Zone D,Retail Pharmacy,Respiratory,Montelukast 10mg,223,59.54,41.54,13277.42,4014.0
TXN1268,2022-02-08,2022,2,Q1,East,Zone C,Retail Pharmacy,Cardiovascular,Amlodipine 5mg,198,616.28,331.66,122023.44,56354.76
TXN1269,2022-06-13,2022,6,Q2,West,Zone D,Retail Pharmacy,Neurology,Pregabalin 75mg,199,788.5,537.14,156911.5,50020.64
TXN1270,2022-04-23,2022,4,Q2,South,Zone B,Hospital,Respiratory,Salbutamol Inhaler,332,773.85,422.92,256918.2,116508.76
TXN1271,2022-01-23,2022,1,Q1,South,Zone B,Hospital,Oncology,Imatinib 100mg,233,508.96,219.76,118587.68,67383.6
TXN1272,2022-05-08,2022,5,Q2,South,Zone B,Hospital,Neurology,Levetiracetam 250mg,160,170.64,96.82,27302.4,11811.2
TXN1273,2022-04-02,2022,4,Q2,West,Zone D,Distributor,Respiratory,Salbutamol Inhaler,153,195.47,129.78,29906.91,10050.57
TXN1274,2023-07-13,2023,7,Q3,North,Zone A,Hospital,Diabetes,Metformin 500mg,268,191.02,96.77,51193.36,25259.0
TXN1275,2023-10-14,2023,10,Q4,West,Zone D,Hospital,Neurology,Pregabalin 75mg,363,76.48,47.7,27762.24,10447.14
TXN1276,2023-11-24,2023,11,Q4,South,Zone B,Distributor,Respiratory,Salbutamol Inhaler,449,161.67,79.49,72589.83,36898.82
TXN1277,2022-04-26,2022,4,Q2,North,Zone A,Hospital,Diabetes,Sitagliptin 50mg,69,635.3,295.52,43835.7,23444.82
TXN1278,2023-07-25,2023,7,Q3,South,Zone B,Hospital,Respiratory,Montelukast 10mg,454,71.8,32.31,32597.2,17928.46
TXN1279,2022-04-16,2022,4,Q2,West,Zone D,Retail Pharmacy,Cardiovascular,Telmisartan 40mg,270,531.74,223.04,143569.8,83349.0
TXN1280,2023-08-19,2023,8,Q3,East,Zone C,Hospital,Neurology,Pregabalin 75mg,211,499.53,290.05,105400.83,44200.28
TXN1281,2023-12-04,2023,12,Q4,East,Zone C,Distributor,Oncology,Capecitabine 500mg,79,786.48,364.1,62131.92,33368.02
TXN1282,2023-07-20,2023,7,Q3,West,Zone D,Hospital,Respiratory,Montelukast 10mg,162,375.51,160.19,60832.62,34881.84
TXN1283,2022-11-17,2022,11,Q4,East,Zone C,Retail Pharmacy,Neurology,Levetiracetam 250mg,362,749.83,444.48,271438.46,110536.7
TXN1284,2022-11-11,2022,11,Q4,West,Zone D,Distributor,Neurology,Pregabalin 75mg,448,357.43,233.02,160128.64,55735.68
TXN1285,2022-04-11,2022,4,Q2,North,Zone A,Hospital,Diabetes,Metformin 500mg,110,784.74,352.81,86321.4,47512.3
TXN1286,2022-11-03,2022,11,Q4,South,Zone B,Retail Pharmacy,Respiratory,Montelukast 10mg,414,636.94,265.5,263693.16,153776.16
TXN1287,2022-05-04,2022,5,Q2,South,Zone B,Retail Pharmacy,Oncology,Imatinib 100mg,98,376.39,256.4,36886.22,11759.02
TXN1288,2022-07-06,2022,7,Q3,South,Zone B,Hospital,Neurology,Pregabalin 75mg,468,377.64,233.7,176735.52,67363.92
TXN1289,2023-09-21,2023,9,Q3,South,Zone B,Retail Pharmacy,Neurology,Pregabalin 75mg,80,741.97,401.86,59357.6,27208.8
TXN1290,2023-06-14,2023,6,Q2,West,Zone D,Retail Pharmacy,Neurology,Pregabalin 75mg,269,256.79,123.95,69076.51,35733.96
TXN1291,2022-06-11,2022,6,Q2,West,Zone D,Retail Pharmacy,Diabetes,Metformin 500mg,93,167.29,109.73,15557.97,5353.08
TXN1292,2022-04-15,2022,4,Q2,South,Zone B,Retail Pharmacy,Oncology,Imatinib 100mg,227,358.32,180.67,81338.64,40326.55
TXN1293,2023-07-14,2023,7,Q3,West,Zone D,Hospital,Oncology,Capecitabine 500mg,454,89.19,46.88,40492.26,19208.74
TXN1294,2023-05-17,2023,5,Q2,North,Zone A,Distributor,Diabetes,Metformin 500mg,180,593.87,271.61,106896.6,58006.8
TXN1295,2023-12-04,2023,12,Q4,East,Zone C,Distributor,Cardiovascular,Amlodipine 5mg,494,135.57,60.38,66971.58,37143.86
TXN1296,2023-07-02,2023,7,Q3,South,Zone B,Retail Pharmacy,Cardiovascular,Telmisartan 40mg,338,442.54,192.25,149578.52,84598.02
TXN1297,2023-01-02,2023,1,Q1,East,Zone C,Hospital,Cardiovascular,Telmisartan 40mg,66,509.68,238.45,33638.88,17901.18
TXN1298,2023-06-16,2023,6,Q2,South,Zone B,Distributor,Respiratory,Salbutamol Inhaler,161,212.07,91.04,34143.27,19485.83
TXN1299,2022-08-19,2022,8,Q3,North,Zone A,Distributor,Neurology,Pregabalin 75mg,343,654.8,352.13,224596.4,103815.81
TXN1300,2023-04-08,2023,4,Q2,North,Zone A,Hospital,Respiratory,Montelukast 10mg,415,615.58,249.55,255465.7,151902.45
TXN1301,2023-11-26,2023,11,Q4,East,Zone C,Hospital,Neurology,Pregabalin 75mg,430,388.43,270.15,167024.9,50860.4
TXN1302,2023-03-06,2023,3,Q1,East,Zone C,Distributor,Diabetes,Metformin 500mg,93,454.03,249.42,42224.79,19028.73
TXN1303,2023-11-12,2023,11,Q4,West,Zone D,Retail Pharmacy,Cardiovascular,Telmisartan 40mg,452,380.8,174.67,172121.6,93170.76
TXN1304,2022-04-15,2022,4,Q2,West,Zone D,Retail Pharmacy,Neurology,Pregabalin 75mg,134,284.26,168.51,38090.84,15510.5
TXN1305,2023-04-13,2023,4,Q2,West,Zone D,Distributor,Diabetes,Glipizide 5mg,317,174.53,101.93,55326.01,23014.2
TXN1306,2023-06-08,2023,6,Q2,East,Zone C,Hospital,Diabetes,Sitagliptin 50mg,466,498.58,204.43,232338.28,137073.9
TXN1307,2022-05-19,2022,5,Q2,West,Zone D,Hospital,Neurology,Pregabalin 75mg,309,648.94,447.98,200522.46,62096.64
TXN1308,2022-01-13,2022,1,Q1,West,Zone D,Retail Pharmacy,Oncology,Capecitabine 500mg,112,414.02,180.82,46370.24,26118.4
TXN1309,2023-11-03,2023,11,Q4,West,Zone D,Hospital,Neurology,Pregabalin 75mg,296,147.37,89.31,43621.52,17185.76
TXN1310,2023-05-20,2023,5,Q2,West,Zone D,Retail Pharmacy,Cardiovascular,Atorvastatin 10mg,276,190.56,125.28,52594.56,18017.28
TXN1311,2023-09-09,2023,9,Q3,South,Zone B,Hospital,Oncology,Capecitabine 500mg,444,725.97,432.32,322330.68,130380.6
TXN1312,2022-12-24,2022,12,Q4,West,Zone D,Retail Pharmacy,Diabetes,Glipizide 5mg,335,180.32,110.65,60407.2,23339.45
TXN1313,2022-04-26,2022,4,Q2,South,Zone B,Distributor,Cardiovascular,Amlodipine 5mg,83,310.96,166.4,25809.68,11998.48
TXN1314,2023-11-20,2023,11,Q4,North,Zone A,Hospital,Cardiovascular,Amlodipine 5mg,399,784.33,462.95,312947.67,128230.62
TXN1315,2022-08-09,2022,8,Q3,West,Zone D,Hospital,Diabetes,Glipizide 5mg,297,102.23,46.26,30362.31,16623.09
TXN1316,2023-09-03,2023,9,Q3,West,Zone D,Hospital,Oncology,Capecitabine 500mg,352,278.98,129.39,98200.96,52655.68
TXN1317,2023-04-13,2023,4,Q2,North,Zone A,Distributor,Respiratory,Montelukast 10mg,450,624.55,397.55,281047.5,102150.0
TXN1318,2023-11-24,2023,11,Q4,South,Zone B,Retail Pharmacy,Oncology,Imatinib 100mg,268,470.33,203.79,126048.44,71432.72
TXN1319,2023-03-20,2023,3,Q1,South,Zone B,Hospital,Neurology,Levetiracetam 250mg,196,782.6,339.03,153389.6,86939.72
TXN1320,2022-06-03,2022,6,Q2,North,Zone A,Retail Pharmacy,Diabetes,Glipizide 5mg,481,580.77,401.8,279350.37,86084.57
TXN1321,2022-09-19,2022,9,Q3,East,Zone C,Distributor,Cardiovascular,Amlodipine 5mg,300,521.18,291.76,156354.0,68826.0
TXN1322,2023-08-20,2023,8,Q3,West,Zone D,Hospital,Respiratory,Salbutamol Inhaler,335,84.59,48.23,28337.65,12180.6
TXN1323,2022-09-27,2022,9,Q3,South,Zone B,Retail Pharmacy,Oncology,Imatinib 100mg,492,597.68,346.44,294058.56,123610.08
TXN1324,2023-09-17,2023,9,Q3,North,Zone A,Retail Pharmacy,Respiratory,Montelukast 10mg,169,189.0,80.08,31941.0,18407.48
TXN1325,2023-02-05,2023,2,Q1,West,Zone D,Distributor,Oncology,Imatinib 100mg,304,544.12,258.83,165412.48,86728.16
TXN1326,2022-09-02,2022,9,Q3,West,Zone D,Hospital,Cardiovascular,Amlodipine 5mg,494,74.48,49.2,36793.12,12488.32
TXN1327,2022-08-15,2022,8,Q3,West,Zone D,Hospital,Respiratory,Salbutamol Inhaler,381,733.01,395.33,279276.81,128656.08
TXN1328,2023-08-19,2023,8,Q3,East,Zone C,Distributor,Diabetes,Metformin 500mg,70,523.48,302.31,36643.6,15481.9
TXN1329,2023-06-02,2023,6,Q2,East,Zone C,Retail Pharmacy,Neurology,Pregabalin 75mg,125,415.75,247.65,51968.75,21012.5
TXN1330,2023-07-17,2023,7,Q3,East,Zone C,Hospital,Cardiovascular,Amlodipine 5mg,471,103.2,49.16,48607.2,25452.84
TXN1331,2023-03-13,2023,3,Q1,West,Zone D,Hospital,Diabetes,Sitagliptin 50mg,429,402.23,215.25,172556.67,80214.42
TXN1332,2022-04-17,2022,4,Q2,East,Zone C,Retail Pharmacy,Oncology,Capecitabine 500mg,361,493.15,276.71,178027.15,78134.84
TXN1333,2023-01-10,2023,1,Q1,North,Zone A,Distributor,Oncology,Capecitabine 500mg,139,397.14,211.1,55202.46,25859.56
TXN1334,2023-05-19,2023,5,Q2,South,Zone B,Distributor,Cardiovascular,Amlodipine 5mg,354,512.8,222.63,181531.2,102720.18
TXN1335,2022-11-13,2022,11,Q4,East,Zone C,Hospital,Cardiovascular,Telmisartan 40mg,196,387.95,263.35,76038.2,24421.6
TXN1336,2023-08-16,2023,8,Q3,West,Zone D,Hospital,Neurology,Levetiracetam 250mg,494,585.52,340.99,289246.88,120797.82
TXN1337,2023-10-13,2023,10,Q4,North,Zone A,Distributor,Diabetes,Sitagliptin 50mg,57,697.16,279.3,39738.12,23818.02
TXN1338,2023-02-04,2023,2,Q1,East,Zone C,Retail Pharmacy,Cardiovascular,Telmisartan 40mg,195,135.87,69.99,26494.65,12846.6
TXN1339,2023-08-19,2023,8,Q3,North,Zone A,Distributor,Oncology,Imatinib 100mg,133,725.24,378.05,96456.92,46176.27
TXN1340,2022-09-10,2022,9,Q3,North,Zone A,Retail Pharmacy,Diabetes,Sitagliptin 50mg,251,321.44,185.82,80681.44,34040.62
TXN1341,2022-09-27,2022,9,Q3,South,Zone B,Hospital,Oncology,Capecitabine 500mg,88,705.27,435.29,62063.76,23758.24
TXN1342,2022-08-03,2022,8,Q3,South,Zone B,Distributor,Respiratory,Montelukast 10mg,307,58.78,30.95,18045.46,8543.81
TXN1343,2023-05-25,2023,5,Q2,North,Zone A,Distributor,Respiratory,Salbutamol Inhaler,262,656.02,304.93,171877.24,91985.58
TXN1344,2023-05-13,2023,5,Q2,West,Zone D,Distributor,Cardiovascular,Atorvastatin 10mg,487,688.88,359.02,335484.56,160641.82
TXN1345,2023-12-12,2023,12,Q4,North,Zone A,Distributor,Respiratory,Montelukast 10mg,413,648.79,419.59,267950.27,94659.6
TXN1346,2023-10-24,2023,10,Q4,North,Zone A,Distributor,Oncology,Capecitabine 500mg,362,70.57,36.55,25546.34,12315.24
TXN1347,2022-04-20,2022,4,Q2,South,Zone B,Distributor,Neurology,Levetiracetam 250mg,470,717.57,361.49,337257.9,167357.6
TXN1348,2023-03-11,2023,3,Q1,North,Zone A,Hospital,Diabetes,Glipizide 5mg,476,339.41,216.38,161559.16,58562.28
TXN1349,2023-04-04,2023,4,Q2,North,Zone A,Hospital,Respiratory,Montelukast 10mg,489,791.03,424.15,386813.67,179404.32
TXN1350,2023-08-04,2023,8,Q3,North,Zone A,Retail Pharmacy,Diabetes,Metformin 500mg,393,429.09,295.73,168632.37,52410.48
TXN1351,2022-10-15,2022,10,Q4,East,Zone C,Hospital,Oncology,Capecitabine 500mg,100,67.51,42.32,6751.0,2519.0
TXN1352,2023-05-06,2023,5,Q2,South,Zone B,Retail Pharmacy,Diabetes,Metformin 500mg,219,331.1,179.52,72510.9,33196.02
TXN1353,2022-11-16,2022,11,Q4,West,Zone D,Retail Pharmacy,Cardiovascular,Amlodipine 5mg,480,163.69,67.0,78571.2,46411.2
TXN1354,2022-01-27,2022,1,Q1,West,Zone D,Distributor,Respiratory,Salbutamol Inhaler,446,456.28,286.8,203500.88,75588.08
TXN1355,2023-03-12,2023,3,Q1,East,Zone C,Hospital,Oncology,Capecitabine 500mg,299,93.24,46.87,27878.76,13864.63
TXN1356,2023-03-03,2023,3,Q1,West,Zone D,Hospital,Oncology,Imatinib 100mg,434,485.35,214.41,210641.9,117587.96
TXN1357,2023-03-22,2023,3,Q1,East,Zone C,Hospital,Diabetes,Sitagliptin 50mg,322,600.93,294.54,193499.46,98657.58
TXN1358,2022-07-05,2022,7,Q3,West,Zone D,Retail Pharmacy,Diabetes,Sitagliptin 50mg,390,160.99,105.57,62786.1,21613.8
TXN1359,2023-11-21,2023,11,Q4,East,Zone C,Retail Pharmacy,Oncology,Imatinib 100mg,359,450.04,297.47,161564.36,54772.63
TXN1360,2022-08-06,2022,8,Q3,East,Zone C,Hospital,Neurology,Levetiracetam 250mg,69,400.09,164.17,27606.21,16278.48
TXN1361,2023-12-23,2023,12,Q4,East,Zone C,Retail Pharmacy,Oncology,Capecitabine 500mg,285,615.97,337.29,175551.45,79423.8
TXN1362,2023-08-25,2023,8,Q3,West,Zone D,Distributor,Oncology,Imatinib 100mg,456,339.91,188.1,154998.96,69225.36
TXN1363,2022-11-15,2022,11,Q4,South,Zone B,Distributor,Cardiovascular,Telmisartan 40mg,131,382.59,222.15,50119.29,21017.64
TXN1364,2022-09-17,2022,9,Q3,North,Zone A,Hospital,Oncology,Capecitabine 500mg,377,690.47,367.15,260307.19,121891.64
TXN1365,2023-03-23,2023,3,Q1,West,Zone D,Retail Pharmacy,Oncology,Imatinib 100mg,492,73.09,50.54,35960.28,11094.6
TXN1366,2022-03-21,2022,3,Q1,West,Zone D,Retail Pharmacy,Respiratory,Montelukast 10mg,103,445.42,262.69,45878.26,18821.19
TXN1367,2023-09-08,2023,9,Q3,North,Zone A,Retail Pharmacy,Oncology,Capecitabine 500mg,271,56.65,39.62,15352.15,4615.13
TXN1368,2023-09-08,2023,9,Q3,North,Zone A,Hospital,Oncology,Imatinib 100mg,86,605.36,268.09,52060.96,29005.22
TXN1369,2022-04-09,2022,4,Q2,West,Zone D,Retail Pharmacy,Cardiovascular,Telmisartan 40mg,84,510.2,217.64,42856.8,24575.04
TXN1370,2022-06-13,2022,6,Q2,South,Zone B,Hospital,Neurology,Pregabalin 75mg,124,311.62,135.02,38640.88,21898.4
TXN1371,2022-03-17,2022,3,Q1,West,Zone D,Distributor,Diabetes,Metformin 500mg,172,701.71,424.2,120694.12,47731.72
TXN1372,2023-02-02,2023,2,Q1,South,Zone B,Distributor,Diabetes,Glipizide 5mg,499,582.58,349.58,290707.42,116267.0
TXN1373,2022-07-21,2022,7,Q3,East,Zone C,Hospital,Oncology,Capecitabine 500mg,102,681.67,384.94,69530.34,30266.46
TXN1374,2022-09-23,2022,9,Q3,North,Zone A,Retail Pharmacy,Oncology,Imatinib 100mg,330,142.19,94.78,46922.7,15645.3
TXN1375,2023-04-14,2023,4,Q2,South,Zone B,Hospital,Diabetes,Glipizide 5mg,209,444.71,239.68,92944.39,42851.27
TXN1376,2022-07-14,2022,7,Q3,West,Zone D,Retail Pharmacy,Neurology,Levetiracetam 250mg,313,253.56,139.21,79364.28,35791.55
TXN1377,2022-09-17,2022,9,Q3,South,Zone B,Retail Pharmacy,Diabetes,Sitagliptin 50mg,253,351.83,151.58,89012.99,50663.25
TXN1378,2023-06-08,2023,6,Q2,North,Zone A,Hospital,Diabetes,Glipizide 5mg,343,721.8,415.02,247577.4,105225.54
TXN1379,2022-12-09,2022,12,Q4,South,Zone B,Distributor,Respiratory,Montelukast 10mg,188,670.04,294.13,125967.52,70671.08
TXN1380,2023-02-06,2023,2,Q1,South,Zone B,Distributor,Neurology,Pregabalin 75mg,448,757.24,398.85,339243.52,160558.72
TXN1381,2022-10-24,2022,10,Q4,North,Zone A,Distributor,Cardiovascular,Atorvastatin 10mg,462,340.74,200.97,157421.88,64573.74
TXN1382,2022-05-04,2022,5,Q2,South,Zone B,Distributor,Respiratory,Salbutamol Inhaler,466,258.83,113.6,120614.78,67677.18
TXN1383,2023-03-05,2023,3,Q1,North,Zone A,Retail Pharmacy,Cardiovascular,Amlodipine 5mg,260,533.11,220.95,138608.6,81161.6
TXN1384,2022-03-03,2022,3,Q1,West,Zone D,Hospital,Neurology,Pregabalin 75mg,352,133.23,78.65,46896.96,19212.16
TXN1385,2023-05-09,2023,5,Q2,West,Zone D,Hospital,Cardiovascular,Amlodipine 5mg,446,361.85,222.86,161385.1,61989.54
TXN1386,2023-06-02,2023,6,Q2,South,Zone B,Hospital,Oncology,Capecitabine 500mg,149,558.36,325.15,83195.64,34748.29
TXN1387,2022-12-08,2022,12,Q4,West,Zone D,Retail Pharmacy,Neurology,Pregabalin 75mg,375,533.62,276.7,200107.5,96345.0
TXN1388,2023-11-22,2023,11,Q4,South,Zone B,Retail Pharmacy,Cardiovascular,Amlodipine 5mg,276,550.15,355.94,151841.4,53601.96
TXN1389,2022-10-02,2022,10,Q4,North,Zone A,Retail Pharmacy,Neurology,Levetiracetam 250mg,95,231.42,155.82,21984.9,7182.0
TXN1390,2023-03-12,2023,3,Q1,North,Zone A,Retail Pharmacy,Neurology,Pregabalin 75mg,458,602.15,300.52,275784.7,138146.54
TXN1391,2022-04-20,2022,4,Q2,West,Zone D,Distributor,Respiratory,Salbutamol Inhaler,427,439.27,265.0,187568.29,74413.29
TXN1392,2023-11-09,2023,11,Q4,West,Zone D,Retail Pharmacy,Cardiovascular,Atorvastatin 10mg,230,107.29,55.23,24676.7,11973.8
TXN1393,2022-07-12,2022,7,Q3,North,Zone A,Distributor,Respiratory,Salbutamol Inhaler,491,217.45,128.85,106767.95,43502.6
TXN1394,2022-04-08,2022,4,Q2,North,Zone A,Hospital,Neurology,Levetiracetam 250mg,160,556.69,314.02,89070.4,38827.2
TXN1395,2023-11-02,2023,11,Q4,East,Zone C,Retail Pharmacy,Cardiovascular,Amlodipine 5mg,181,724.59,444.2,131150.79,50750.59
TXN1396,2023-07-09,2023,7,Q3,West,Zone D,Distributor,Respiratory,Salbutamol Inhaler,477,93.38,64.18,44542.26,13928.4
TXN1397,2022-12-12,2022,12,Q4,North,Zone A,Distributor,Neurology,Pregabalin 75mg,327,324.26,151.63,106033.02,56450.01
TXN1398,2022-10-08,2022,10,Q4,South,Zone B,Distributor,Cardiovascular,Atorvastatin 10mg,350,257.18,178.61,90013.0,27499.5
TXN1399,2022-01-22,2022,1,Q1,East,Zone C,Hospital,Neurology,Levetiracetam 250mg,98,760.55,381.19,74533.9,37177.28
TXN1400,2023-10-09,2023,10,Q4,East,Zone C,Distributor,Cardiovascular,Atorvastatin 10mg,290,747.96,410.77,216908.4,97785.1
TXN1401,2023-11-21,2023,11,Q4,West,Zone D,Retail Pharmacy,Cardiovascular,Atorvastatin 10mg,275,231.42,127.32,63640.5,28627.5
TXN1402,2023-03-11,2023,3,Q1,North,Zone A,Hospital,Diabetes,Glipizide 5mg,55,384.16,177.77,21128.8,11351.45
TXN1403,2023-11-16,2023,11,Q4,North,Zone A,Distributor,Oncology,Imatinib 100mg,400,231.48,159.3,92592.0,28872.0
TXN1404,2023-09-19,2023,9,Q3,West,Zone D,Distributor,Oncology,Capecitabine 500mg,381,244.66,129.94,93215.46,43708.32
TXN1405,2023-04-02,2023,4,Q2,East,Zone C,Hospital,Diabetes,Glipizide 5mg,157,644.45,433.31,101178.65,33148.98
TXN1406,2023-02-08,2023,2,Q1,East,Zone C,Retail Pharmacy,Oncology,Imatinib 100mg,467,617.98,277.16,288596.66,159162.94
TXN1407,2023-01-24,2023,1,Q1,West,Zone D,Retail Pharmacy,Neurology,Levetiracetam 250mg,476,549.95,246.82,261776.2,144289.88
TXN1408,2023-09-10,2023,9,Q3,South,Zone B,Distributor,Respiratory,Montelukast 10mg,470,56.78,28.79,26686.6,13155.3
TXN1409,2023-12-27,2023,12,Q4,East,Zone C,Retail Pharmacy,Respiratory,Montelukast 10mg,409,686.03,424.42,280586.27,106998.49
TXN1410,2022-03-09,2022,3,Q1,North,Zone A,Retail Pharmacy,Oncology,Imatinib 100mg,413,546.83,238.17,225840.79,127476.58
TXN1411,2022-01-03,2022,1,Q1,West,Zone D,Hospital,Oncology,Capecitabine 500mg,209,434.54,236.59,90818.86,41371.55
TXN1412,2022-07-13,2022,7,Q3,South,Zone B,Hospital,Oncology,Imatinib 100mg,140,256.66,150.56,35932.4,14854.0
TXN1413,2023-04-13,2023,4,Q2,West,Zone D,Distributor,Respiratory,Salbutamol Inhaler,498,230.3,105.36,114689.4,62220.12
TXN1414,2022-09-02,2022,9,Q3,South,Zone B,Hospital,Oncology,Imatinib 100mg,438,77.01,34.85,33730.38,18466.08
TXN1415,2022-11-26,2022,11,Q4,North,Zone A,Distributor,Respiratory,Montelukast 10mg,361,485.07,269.22,175110.27,77921.85
TXN1416,2022-07-14,2022,7,Q3,East,Zone C,Distributor,Respiratory,Montelukast 10mg,376,684.39,356.08,257330.64,123444.56
TXN1417,2023-04-19,2023,4,Q2,South,Zone B,Distributor,Neurology,Levetiracetam 250mg,158,493.35,224.89,77949.3,42416.68
TXN1418,2022-11-01,2022,11,Q4,South,Zone B,Distributor,Neurology,Pregabalin 75mg,373,271.43,180.19,101243.39,34032.52
TXN1419,2022-04-02,2022,4,Q2,East,Zone C,Hospital,Oncology,Capecitabine 500mg,73,314.45,203.59,22954.85,8092.78
TXN1420,2023-07-09,2023,7,Q3,North,Zone A,Hospital,Respiratory,Montelukast 10mg,414,78.18,34.27,32366.52,18178.74
TXN1421,2023-05-06,2023,5,Q2,North,Zone A,Hospital,Cardiovascular,Atorvastatin 10mg,362,779.81,364.82,282291.22,150226.38
TXN1422,2023-03-06,2023,3,Q1,North,Zone A,Distributor,Neurology,Levetiracetam 250mg,391,597.01,411.97,233430.91,72350.64
TXN1423,2022-05-05,2022,5,Q2,East,Zone C,Hospital,Neurology,Levetiracetam 250mg,446,366.97,180.14,163668.62,83326.18
TXN1424,2023-09-04,2023,9,Q3,West,Zone D,Distributor,Oncology,Imatinib 100mg,431,302.72,211.86,130472.32,39160.66
TXN1425,2022-08-10,2022,8,Q3,West,Zone D,Retail Pharmacy,Respiratory,Montelukast 10mg,290,335.52,175.93,97300.8,46281.1
TXN1426,2022-09-17,2022,9,Q3,West,Zone D,Distributor,Oncology,Capecitabine 500mg,188,521.33,283.9,98010.04,44636.84
TXN1427,2022-06-04,2022,6,Q2,North,Zone A,Hospital,Oncology,Imatinib 100mg,290,435.39,240.63,126263.1,56480.4
TXN1428,2023-07-26,2023,7,Q3,North,Zone A,Distributor,Diabetes,Sitagliptin 50mg,428,652.64,284.95,279329.92,157371.32
TXN1429,2023-11-06,2023,11,Q4,North,Zone A,Hospital,Cardiovascular,Amlodipine 5mg,218,196.43,98.92,42821.74,21257.18
TXN1430,2022-12-01,2022,12,Q4,East,Zone C,Hospital,Cardiovascular,Telmisartan 40mg,417,471.55,322.6,196636.35,62112.15
TXN1431,2023-04-03,2023,4,Q2,East,Zone C,Retail Pharmacy,Diabetes,Sitagliptin 50mg,451,62.05,39.38,27984.55,10224.17
TXN1432,2023-07-06,2023,7,Q3,South,Zone B,Hospital,Cardiovascular,Atorvastatin 10mg,437,469.24,258.24,205057.88,92207.0
TXN1433,2022-01-16,2022,1,Q1,North,Zone A,Retail Pharmacy,Cardiovascular,Telmisartan 40mg,332,411.7,179.31,136684.4,77153.48
TXN1434,2023-11-04,2023,11,Q4,East,Zone C,Distributor,Oncology,Capecitabine 500mg,92,698.97,312.57,64305.24,35548.8
TXN1435,2022-08-18,2022,8,Q3,South,Zone B,Distributor,Oncology,Imatinib 100mg,56,284.65,193.73,15940.4,5091.52
TXN1436,2023-08-21,2023,8,Q3,East,Zone C,Distributor,Oncology,Capecitabine 500mg,173,190.19,77.21,32902.87,19545.54
TXN1437,2022-06-05,2022,6,Q2,North,Zone A,Retail Pharmacy,Oncology,Capecitabine 500mg,146,372.91,247.39,54444.86,18325.92
TXN1438,2023-02-27,2023,2,Q1,West,Zone D,Retail Pharmacy,Oncology,Imatinib 100mg,417,300.1,181.04,125141.7,49648.02
TXN1439,2022-04-23,2022,4,Q2,South,Zone B,Distributor,Neurology,Levetiracetam 250mg,231,600.12,260.97,138627.72,78343.65
TXN1440,2023-08-08,2023,8,Q3,West,Zone D,Retail Pharmacy,Respiratory,Montelukast 10mg,387,755.95,509.83,292552.65,95248.44
TXN1441,2022-02-09,2022,2,Q1,South,Zone B,Hospital,Respiratory,Montelukast 10mg,55,460.84,319.68,25346.2,7763.8
TXN1442,2022-11-10,2022,11,Q4,South,Zone B,Retail Pharmacy,Diabetes,Metformin 500mg,226,348.21,166.89,78695.46,40978.32
TXN1443,2023-12-11,2023,12,Q4,North,Zone A,Distributor,Oncology,Capecitabine 500mg,329,542.57,374.68,178505.53,55235.81
TXN1444,2022-06-12,2022,6,Q2,East,Zone C,Distributor,Oncology,Imatinib 100mg,69,272.97,116.73,18834.93,10780.56
TXN1445,2023-05-27,2023,5,Q2,West,Zone D,Retail Pharmacy,Oncology,Imatinib 100mg,339,577.84,295.84,195887.76,95598.0
TXN1446,2022-11-04,2022,11,Q4,North,Zone A,Hospital,Cardiovascular,Atorvastatin 10mg,149,237.14,95.0,35333.86,21178.86
TXN1447,2023-05-21,2023,5,Q2,East,Zone C,Distributor,Diabetes,Metformin 500mg,128,209.81,143.03,26855.68,8547.84
TXN1448,2023-09-07,2023,9,Q3,West,Zone D,Hospital,Neurology,Pregabalin 75mg,333,520.61,268.47,173363.13,83962.62
TXN1449,2022-10-06,2022,10,Q4,North,Zone A,Retail Pharmacy,Neurology,Levetiracetam 250mg,469,594.29,347.76,278722.01,115622.57
TXN1450,2022-06-25,2022,6,Q2,North,Zone A,Distributor,Diabetes,Glipizide 5mg,227,119.47,74.61,27119.69,10183.22
TXN1451,2022-09-17,2022,9,Q3,East,Zone C,Distributor,Neurology,Levetiracetam 250mg,460,56.79,32.76,26123.4,11053.8
TXN1452,2023-04-15,2023,4,Q2,North,Zone A,Distributor,Cardiovascular,Atorvastatin 10mg,217,540.5,348.9,117288.5,41577.2
TXN1453,2023-05-18,2023,5,Q2,West,Zone D,Distributor,Cardiovascular,Amlodipine 5mg,348,235.67,98.69,82013.16,47669.04
TXN1454,2022-02-06,2022,2,Q1,South,Zone B,Distributor,Diabetes,Metformin 500mg,143,763.62,497.53,109197.66,38050.87
TXN1455,2022-08-23,2022,8,Q3,East,Zone C,Distributor,Neurology,Levetiracetam 250mg,223,348.09,192.87,77624.07,34614.06
TXN1456,2023-01-07,2023,1,Q1,South,Zone B,Hospital,Oncology,Capecitabine 500mg,122,204.66,130.97,24968.52,8990.18
TXN1457,2023-05-02,2023,5,Q2,West,Zone D,Hospital,Neurology,Levetiracetam 250mg,186,76.26,48.52,14184.36,5159.64
TXN1458,2023-06-05,2023,6,Q2,South,Zone B,Distributor,Oncology,Imatinib 100mg,217,381.91,227.16,82874.47,33580.75
TXN1459,2022-06-22,2022,6,Q2,West,Zone D,Distributor,Diabetes,Glipizide 5mg,188,499.13,229.76,93836.44,50641.56
TXN1460,2023-04-06,2023,4,Q2,North,Zone A,Retail Pharmacy,Oncology,Capecitabine 500mg,256,260.78,160.09,66759.68,25776.64
TXN1461,2023-05-21,2023,5,Q2,North,Zone A,Retail Pharmacy,Cardiovascular,Atorvastatin 10mg,462,102.87,46.88,47525.94,25867.38
TXN1462,2022-04-04,2022,4,Q2,East,Zone C,Distributor,Oncology,Imatinib 100mg,132,132.82,64.65,17532.24,8998.44
TXN1463,2022-05-25,2022,5,Q2,West,Zone D,Hospital,Diabetes,Sitagliptin 50mg,110,315.34,204.52,34687.4,12190.2
TXN1464,2023-10-01,2023,10,Q4,East,Zone C,Hospital,Respiratory,Montelukast 10mg,226,429.23,292.88,97005.98,30815.1
TXN1465,2023-03-22,2023,3,Q1,North,Zone A,Hospital,Respiratory,Salbutamol Inhaler,158,427.35,195.79,67521.3,36586.48
TXN1466,2023-03-15,2023,3,Q1,South,Zone B,Hospital,Cardiovascular,Telmisartan 40mg,463,379.41,221.26,175666.83,73223.45
TXN1467,2023-04-08,2023,4,Q2,East,Zone C,Hospital,Respiratory,Montelukast 10mg,161,138.16,62.11,22243.76,12244.05
TXN1468,2023-02-17,2023,2,Q1,South,Zone B,Retail Pharmacy,Respiratory,Montelukast 10mg,143,171.02,72.69,24455.86,14061.19
TXN1469,2023-10-02,2023,10,Q4,East,Zone C,Hospital,Diabetes,Sitagliptin 50mg,187,525.98,302.25,98358.26,41837.51
TXN1470,2023-07-22,2023,7,Q3,South,Zone B,Distributor,Neurology,Levetiracetam 250mg,296,232.8,111.81,68908.8,35813.04
TXN1471,2023-11-19,2023,11,Q4,South,Zone B,Distributor,Neurology,Pregabalin 75mg,186,361.83,191.29,67300.38,31720.44
TXN1472,2022-02-02,2022,2,Q1,South,Zone B,Hospital,Diabetes,Metformin 500mg,403,358.97,237.34,144664.91,49016.89
TXN1473,2022-05-24,2022,5,Q2,West,Zone D,Retail Pharmacy,Respiratory,Montelukast 10mg,369,749.85,398.72,276694.65,129566.97
TXN1474,2023-01-01,2023,1,Q1,North,Zone A,Hospital,Respiratory,Salbutamol Inhaler,56,629.74,431.64,35265.44,11093.6
TXN1475,2022-11-11,2022,11,Q4,South,Zone B,Retail Pharmacy,Cardiovascular,Telmisartan 40mg,302,356.09,237.04,107539.18,35953.1
TXN1476,2023-09-22,2023,9,Q3,West,Zone D,Hospital,Cardiovascular,Atorvastatin 10mg,169,614.48,331.52,103847.12,47820.24
TXN1477,2023-09-02,2023,9,Q3,East,Zone C,Hospital,Neurology,Levetiracetam 250mg,248,388.47,176.77,96340.56,52501.6
TXN1478,2022-09-02,2022,9,Q3,North,Zone A,Retail Pharmacy,Oncology,Imatinib 100mg,281,61.63,29.85,17318.03,8930.18
TXN1479,2022-08-17,2022,8,Q3,South,Zone B,Hospital,Neurology,Levetiracetam 250mg,341,685.95,386.65,233908.95,102061.3
TXN1480,2022-06-10,2022,6,Q2,South,Zone B,Hospital,Diabetes,Metformin 500mg,384,223.66,152.71,85885.44,27244.8
TXN1481,2023-08-20,2023,8,Q3,East,Zone C,Distributor,Oncology,Imatinib 100mg,108,579.98,297.15,62637.84,30545.64
TXN1482,2022-11-02,2022,11,Q4,South,Zone B,Hospital,Oncology,Capecitabine 500mg,435,546.26,297.82,237623.1,108071.4
TXN1483,2023-10-26,2023,10,Q4,West,Zone D,Hospital,Cardiovascular,Amlodipine 5mg,406,440.8,222.63,178964.8,88577.02
TXN1484,2023-12-06,2023,12,Q4,East,Zone C,Hospital,Respiratory,Salbutamol Inhaler,78,339.97,203.56,26517.66,10639.98
TXN1485,2022-03-05,2022,3,Q1,South,Zone B,Hospital,Cardiovascular,Telmisartan 40mg,326,540.6,360.44,176235.6,58732.16
TXN1486,2022-11-25,2022,11,Q4,South,Zone B,Hospital,Diabetes,Glipizide 5mg,103,339.66,195.83,34984.98,14814.49
TXN1487,2023-12-17,2023,12,Q4,East,Zone C,Retail Pharmacy,Diabetes,Glipizide 5mg,187,430.29,196.37,80464.23,43743.04
TXN1488,2023-07-06,2023,7,Q3,South,Zone B,Hospital,Diabetes,Sitagliptin 50mg,195,768.87,406.98,149929.65,70568.55
TXN1489,2022-01-14,2022,1,Q1,East,Zone C,Hospital,Oncology,Capecitabine 500mg,222,669.44,360.78,148615.68,68522.52
TXN1490,2023-10-23,2023,10,Q4,East,Zone C,Distributor,Neurology,Levetiracetam 250mg,486,661.2,418.81,321343.2,117801.54
TXN1491,2022-04-05,2022,4,Q2,South,Zone B,Distributor,Neurology,Pregabalin 75mg,253,162.96,75.8,41228.88,22051.48
TXN1492,2023-03-18,2023,3,Q1,South,Zone B,Retail Pharmacy,Respiratory,Salbutamol Inhaler,128,468.0,192.67,59904.0,35242.24
TXN1493,2023-07-08,2023,7,Q3,North,Zone A,Distributor,Oncology,Capecitabine 500mg,153,550.08,235.6,84162.24,48115.44
TXN1494,2023-11-27,2023,11,Q4,North,Zone A,Hospital,Respiratory,Montelukast 10mg,325,727.32,494.63,236379.0,75624.25
TXN1495,2022-03-17,2022,3,Q1,South,Zone B,Distributor,Oncology,Imatinib 100mg,400,80.26,42.0,32104.0,15304.0
TXN1496,2022-03-16,2022,3,Q1,West,Zone D,Hospital,Oncology,Imatinib 100mg,487,474.64,234.39,231149.68,117001.75
TXN1497,2023-04-26,2023,4,Q2,East,Zone C,Distributor,Diabetes,Metformin 500mg,465,149.48,82.74,69508.2,31034.1
TXN1498,2022-10-19,2022,10,Q4,East,Zone C,Distributor,Respiratory,Salbutamol Inhaler,388,485.71,338.64,188455.48,57063.16
TXN1499,2022-09-11,2022,9,Q3,South,Zone B,Retail Pharmacy,Diabetes,Metformin 500mg,325,477.11,315.14,155060.75,52640.25
TXN1500,2022-11-04,2022,11,Q4,South,Zone B,Retail Pharmacy,Neurology,Levetiracetam 250mg,438,796.72,553.19,348963.36,106666.14
TXN1501,2022-11-23,2022,11,Q4,North,Zone A,Retail Pharmacy,Diabetes,Glipizide 5mg,337,391.07,235.59,131790.59,52396.76
TXN1502,2023-05-09,2023,5,Q2,South,Zone B,Retail Pharmacy,Oncology,Imatinib 100mg,392,568.16,346.09,222718.72,87051.44
TXN1503,2023-07-22,2023,7,Q3,South,Zone B,Retail Pharmacy,Oncology,Imatinib 100mg,309,360.37,166.22,111354.33,59992.35
TXN1504,2023-02-27,2023,2,Q1,South,Zone B,Distributor,Cardiovascular,Amlodipine 5mg,453,564.05,229.84,255514.65,151397.13
TXN1505,2023-04-26,2023,4,Q2,East,Zone C,Retail Pharmacy,Neurology,Pregabalin 75mg,271,732.66,433.52,198550.86,81066.94
TXN1506,2022-01-11,2022,1,Q1,North,Zone A,Distributor,Respiratory,Montelukast 10mg,279,531.93,225.31,148408.47,85546.98
TXN1507,2022-08-23,2022,8,Q3,South,Zone B,Retail Pharmacy,Neurology,Pregabalin 75mg,463,736.75,430.92,341115.25,141599.29
TXN1508,2023-11-23,2023,11,Q4,South,Zone B,Distributor,Oncology,Imatinib 100mg,288,562.59,288.4,162025.92,78966.72
TXN1509,2023-05-25,2023,5,Q2,North,Zone A,Distributor,Oncology,Imatinib 100mg,283,568.41,330.2,160860.03,67413.43
TXN1510,2023-04-17,2023,4,Q2,East,Zone C,Hospital,Respiratory,Montelukast 10mg,429,100.26,69.44,43011.54,13221.78
TXN1511,2022-03-26,2022,3,Q1,West,Zone D,Retail Pharmacy,Diabetes,Glipizide 5mg,60,642.06,337.0,38523.6,18303.6
TXN1512,2023-08-20,2023,8,Q3,East,Zone C,Distributor,Neurology,Pregabalin 75mg,443,106.12,56.41,47011.16,22021.53
TXN1513,2023-11-24,2023,11,Q4,North,Zone A,Retail Pharmacy,Cardiovascular,Telmisartan 40mg,159,522.94,243.64,83147.46,44408.7
TXN1514,2023-04-18,2023,4,Q2,East,Zone C,Retail Pharmacy,Neurology,Levetiracetam 250mg,150,177.59,118.89,26638.5,8805.0
TXN1515,2022-11-06,2022,11,Q4,East,Zone C,Retail Pharmacy,Diabetes,Sitagliptin 50mg,351,652.85,288.0,229150.35,128062.35
TXN1516,2023-12-10,2023,12,Q4,West,Zone D,Hospital,Oncology,Capecitabine 500mg,495,706.55,376.25,349742.25,163498.5
TXN1517,2023-02-18,2023,2,Q1,East,Zone C,Distributor,Diabetes,Metformin 500mg,314,193.04,97.32,60614.56,30056.08
TXN1518,2023-07-08,2023,7,Q3,West,Zone D,Retail Pharmacy,Cardiovascular,Telmisartan 40mg,216,471.92,297.1,101934.72,37761.12
TXN1519,2022-09-07,2022,9,Q3,East,Zone C,Hospital,Respiratory,Montelukast 10mg,496,469.68,284.68,232961.28,91760.0
TXN1520,2022-04-13,2022,4,Q2,East,Zone C,Hospital,Diabetes,Sitagliptin 50mg,236,621.84,272.24,146754.24,82505.6
TXN1521,2023-03-22,2023,3,Q1,North,Zone A,Distributor,Cardiovascular,Amlodipine 5mg,126,484.49,264.96,61045.74,27660.78
TXN1522,2023-11-03,2023,11,Q4,West,Zone D,Distributor,Cardiovascular,Amlodipine 5mg,240,478.16,217.84,114758.4,62476.8
TXN1523,2023-06-06,2023,6,Q2,North,Zone A,Retail Pharmacy,Diabetes,Glipizide 5mg,249,469.07,239.86,116798.43,57073.29
TXN1524,2022-11-05,2022,11,Q4,West,Zone D,Retail Pharmacy,Oncology,Capecitabine 500mg,125,467.59,305.59,58448.75,20250.0
TXN1525,2022-05-04,2022,5,Q2,West,Zone D,Hospital,Cardiovascular,Telmisartan 40mg,299,441.46,254.58,131996.54,55877.12
TXN1526,2022-04-01,2022,4,Q2,North,Zone A,Distributor,Diabetes,Glipizide 5mg,254,224.04,107.45,56906.16,29613.86
TXN1527,2023-02-08,2023,2,Q1,North,Zone A,Distributor,Cardiovascular,Atorvastatin 10mg,268,80.04,39.01,21450.72,10996.04
TXN1528,2022-05-02,2022,5,Q2,South,Zone B,Retail Pharmacy,Oncology,Imatinib 100mg,205,620.43,276.93,127188.15,70417.5
TXN1529,2022-02-11,2022,2,Q1,South,Zone B,Hospital,Cardiovascular,Atorvastatin 10mg,270,581.09,315.36,156894.3,71747.1
TXN1530,2022-01-20,2022,1,Q1,South,Zone B,Retail Pharmacy,Respiratory,Montelukast 10mg,473,220.06,132.26,104088.38,41529.4
TXN1531,2023-04-22,2023,4,Q2,West,Zone D,Distributor,Respiratory,Salbutamol Inhaler,463,463.37,246.26,214540.31,100521.93
TXN1532,2022-02-01,2022,2,Q1,North,Zone A,Hospital,Neurology,Levetiracetam 250mg,257,228.11,94.64,58624.27,34301.79
TXN1533,2023-08-08,2023,8,Q3,South,Zone B,Retail Pharmacy,Cardiovascular,Amlodipine 5mg,204,180.12,92.57,36744.48,17860.2
TXN1534,2022-11-21,2022,11,Q4,South,Zone B,Hospital,Oncology,Imatinib 100mg,400,629.58,296.58,251832.0,133200.0
TXN1535,2022-03-19,2022,3,Q1,West,Zone D,Distributor,Diabetes,Glipizide 5mg,359,115.66,56.08,41521.94,21389.22
TXN1536,2022-02-27,2022,2,Q1,West,Zone D,Hospital,Cardiovascular,Amlodipine 5mg,112,81.12,47.95,9085.44,3715.04
TXN1537,2023-12-20,2023,12,Q4,South,Zone B,Retail Pharmacy,Oncology,Capecitabine 500mg,499,514.71,298.47,256840.29,107903.76
TXN1538,2023-10-09,2023,10,Q4,South,Zone B,Distributor,Cardiovascular,Telmisartan 40mg,318,57.71,35.48,18351.78,7069.14
TXN1539,2023-03-01,2023,3,Q1,West,Zone D,Retail Pharmacy,Oncology,Capecitabine 500mg,287,109.2,58.19,31340.4,14639.87
TXN1540,2023-08-27,2023,8,Q3,South,Zone B,Hospital,Cardiovascular,Telmisartan 40mg,257,389.61,179.04,100129.77,54116.49
TXN1541,2023-07-03,2023,7,Q3,East,Zone C,Retail Pharmacy,Neurology,Levetiracetam 250mg,191,386.58,260.54,73836.78,24073.64
TXN1542,2023-04-24,2023,4,Q2,West,Zone D,Hospital,Diabetes,Metformin 500mg,497,254.78,115.46,126625.66,69242.04
TXN1543,2023-01-12,2023,1,Q1,East,Zone C,Retail Pharmacy,Diabetes,Sitagliptin 50mg,320,396.79,261.68,126972.8,43235.2
TXN1544,2022-02-16,2022,2,Q1,East,Zone C,Distributor,Diabetes,Sitagliptin 50mg,389,618.1,301.96,240440.9,122978.46
TXN1545,2022-02-20,2022,2,Q1,West,Zone D,Hospital,Cardiovascular,Atorvastatin 10mg,207,755.17,438.86,156320.19,65476.17
TXN1546,2022-01-26,2022,1,Q1,West,Zone D,Retail Pharmacy,Respiratory,Montelukast 10mg,421,265.96,145.71,111969.16,50625.25
TXN1547,2023-09-16,2023,9,Q3,West,Zone D,Distributor,Cardiovascular,Amlodipine 5mg,427,460.02,308.55,196428.54,64677.69
TXN1548,2023-05-03,2023,5,Q2,East,Zone C,Retail Pharmacy,Neurology,Levetiracetam 250mg,276,474.95,283.6,131086.2,52812.6
TXN1549,2023-07-13,2023,7,Q3,South,Zone B,Hospital,Cardiovascular,Amlodipine 5mg,252,650.74,280.69,163986.48,93252.6
TXN1550,2022-06-02,2022,6,Q2,East,Zone C,Hospital,Respiratory,Montelukast 10mg,398,219.71,146.92,87444.58,28970.42
TXN1551,2023-11-27,2023,11,Q4,West,Zone D,Distributor,Neurology,Levetiracetam 250mg,157,127.45,57.58,20009.65,10969.59
TXN1552,2023-12-26,2023,12,Q4,West,Zone D,Hospital,Respiratory,Salbutamol Inhaler,427,645.18,264.22,275491.86,162669.92
TXN1553,2022-04-08,2022,4,Q2,West,Zone D,Hospital,Diabetes,Sitagliptin 50mg,394,569.01,305.77,224189.94,103716.56
TXN1554,2022-10-22,2022,10,Q4,East,Zone C,Retail Pharmacy,Cardiovascular,Amlodipine 5mg,231,723.31,451.02,167084.61,62898.99
TXN1555,2023-01-06,2023,1,Q1,East,Zone C,Hospital,Respiratory,Montelukast 10mg,66,467.98,209.1,30886.68,17086.08
TXN1556,2022-08-13,2022,8,Q3,West,Zone D,Hospital,Respiratory,Montelukast 10mg,494,482.35,303.19,238280.9,88505.04
TXN1557,2022-12-23,2022,12,Q4,East,Zone C,Hospital,Respiratory,Montelukast 10mg,55,559.4,236.61,30767.0,17753.45
TXN1558,2022-10-18,2022,10,Q4,South,Zone B,Retail Pharmacy,Diabetes,Sitagliptin 50mg,69,237.33,141.51,16375.77,6611.58
TXN1559,2023-07-11,2023,7,Q3,West,Zone D,Distributor,Cardiovascular,Amlodipine 5mg,433,229.36,126.99,99312.88,44326.21
TXN1560,2022-03-16,2022,3,Q1,West,Zone D,Hospital,Oncology,Imatinib 100mg,453,463.0,241.21,209739.0,100470.87
TXN1561,2022-02-06,2022,2,Q1,North,Zone A,Retail Pharmacy,Cardiovascular,Telmisartan 40mg,114,383.09,239.43,43672.26,16377.24
TXN1562,2022-04-04,2022,4,Q2,West,Zone D,Hospital,Respiratory,Montelukast 10mg,345,167.61,108.64,57825.45,20344.65
TXN1563,2022-02-15,2022,2,Q1,South,Zone B,Distributor,Neurology,Pregabalin 75mg,336,121.8,60.33,40924.8,20653.92
TXN1564,2022-02-07,2022,2,Q1,East,Zone C,Retail Pharmacy,Cardiovascular,Telmisartan 40mg,313,87.66,47.28,27437.58,12638.94
TXN1565,2023-10-07,2023,10,Q4,North,Zone A,Retail Pharmacy,Cardiovascular,Telmisartan 40mg,279,448.47,270.53,125123.13,49645.26
TXN1566,2022-06-04,2022,6,Q2,East,Zone C,Hospital,Respiratory,Salbutamol Inhaler,489,683.5,361.84,334231.5,157291.74
TXN1567,2022-08-20,2022,8,Q3,East,Zone C,Retail Pharmacy,Diabetes,Glipizide 5mg,427,435.57,214.54,185988.39,94379.81
TXN1568,2022-10-04,2022,10,Q4,West,Zone D,Hospital,Oncology,Imatinib 100mg,188,584.63,356.04,109910.44,42974.92
TXN1569,2023-06-16,2023,6,Q2,North,Zone A,Distributor,Oncology,Imatinib 100mg,340,760.07,395.28,258423.8,124028.6
TXN1570,2023-03-01,2023,3,Q1,East,Zone C,Retail Pharmacy,Respiratory,Salbutamol Inhaler,442,502.65,300.51,222171.3,89345.88
TXN1571,2022-07-15,2022,7,Q3,North,Zone A,Distributor,Oncology,Imatinib 100mg,251,517.07,241.37,129784.57,69200.7
TXN1572,2022-08-10,2022,8,Q3,South,Zone B,Hospital,Cardiovascular,Atorvastatin 10mg,417,381.69,243.96,159164.73,57433.41
TXN1573,2022-09-02,2022,9,Q3,South,Zone B,Retail Pharmacy,Diabetes,Glipizide 5mg,74,546.29,317.25,40425.46,16948.96
TXN1574,2022-05-02,2022,5,Q2,East,Zone C,Hospital,Oncology,Imatinib 100mg,263,781.02,344.15,205408.26,114896.81
TXN1575,2022-11-21,2022,11,Q4,South,Zone B,Distributor,Diabetes,Glipizide 5mg,321,480.46,248.82,154227.66,74356.44
TXN1576,2022-10-22,2022,10,Q4,South,Zone B,Retail Pharmacy,Cardiovascular,Telmisartan 40mg,125,323.08,184.11,40385.0,17371.25
TXN1577,2022-08-08,2022,8,Q3,South,Zone B,Hospital,Oncology,Imatinib 100mg,312,148.97,82.52,46478.64,20732.4
TXN1578,2022-01-26,2022,1,Q1,South,Zone B,Retail Pharmacy,Oncology,Imatinib 100mg,425,244.54,104.24,103929.5,59627.5
TXN1579,2023-07-20,2023,7,Q3,North,Zone A,Hospital,Neurology,Levetiracetam 250mg,449,299.0,179.05,134251.0,53857.55
TXN1580,2022-04-10,2022,4,Q2,North,Zone A,Hospital,Respiratory,Salbutamol Inhaler,480,447.46,200.65,214780.8,118468.8
TXN1581,2022-04-04,2022,4,Q2,West,Zone D,Retail Pharmacy,Respiratory,Salbutamol Inhaler,334,161.94,77.8,54087.96,28102.76
TXN1582,2023-04-13,2023,4,Q2,South,Zone B,Distributor,Diabetes,Metformin 500mg,79,343.93,209.5,27170.47,10619.97
TXN1583,2023-04-19,2023,4,Q2,South,Zone B,Distributor,Respiratory,Montelukast 10mg,485,283.93,123.97,137706.05,77580.6
TXN1584,2022-09-18,2022,9,Q3,South,Zone B,Hospital,Neurology,Levetiracetam 250mg,197,554.82,359.14,109299.54,38548.96
TXN1585,2023-10-10,2023,10,Q4,West,Zone D,Hospital,Oncology,Imatinib 100mg,373,252.98,107.36,94361.54,54316.26
TXN1586,2023-03-21,2023,3,Q1,South,Zone B,Retail Pharmacy,Neurology,Levetiracetam 250mg,490,430.31,254.47,210851.9,86161.6
TXN1587,2023-02-16,2023,2,Q1,East,Zone C,Retail Pharmacy,Neurology,Pregabalin 75mg,365,549.02,302.08,200392.3,90133.1
TXN1588,2022-08-07,2022,8,Q3,East,Zone C,Retail Pharmacy,Respiratory,Salbutamol Inhaler,178,146.88,63.14,26144.64,14905.72
TXN1589,2022-01-21,2022,1,Q1,East,Zone C,Retail Pharmacy,Diabetes,Sitagliptin 50mg,397,196.26,116.9,77915.22,31505.92
TXN1590,2023-04-18,2023,4,Q2,East,Zone C,Distributor,Diabetes,Glipizide 5mg,157,95.76,46.57,15034.32,7722.83
TXN1591,2023-03-16,2023,3,Q1,East,Zone C,Retail Pharmacy,Respiratory,Salbutamol Inhaler,332,495.68,287.96,164565.76,68963.04
TXN1592,2023-09-08,2023,9,Q3,West,Zone D,Hospital,Neurology,Pregabalin 75mg,145,219.7,133.51,31856.5,12497.55
TXN1593,2023-05-20,2023,5,Q2,North,Zone A,Retail Pharmacy,Cardiovascular,Atorvastatin 10mg,295,148.23,86.24,43727.85,18287.05
TXN1594,2023-02-08,2023,2,Q1,East,Zone C,Hospital,Oncology,Imatinib 100mg,209,408.9,277.5,85460.1,27462.6
TXN1595,2023-09-02,2023,9,Q3,West,Zone D,Hospital,Diabetes,Metformin 500mg,275,681.51,371.3,187415.25,85307.75
TXN1596,2023-06-02,2023,6,Q2,East,Zone C,Hospital,Neurology,Pregabalin 75mg,460,525.06,336.91,241527.6,86549.0
TXN1597,2023-04-14,2023,4,Q2,East,Zone C,Retail Pharmacy,Neurology,Levetiracetam 250mg,174,68.51,34.86,11920.74,5855.1
TXN1598,2023-10-13,2023,10,Q4,North,Zone A,Retail Pharmacy,Diabetes,Glipizide 5mg,381,163.02,106.86,62110.62,21396.96
TXN1599,2023-09-18,2023,9,Q3,South,Zone B,Retail Pharmacy,Respiratory,Montelukast 10mg,145,557.27,336.53,80804.15,32007.3
TXN1600,2023-11-14,2023,11,Q4,East,Zone C,Retail Pharmacy,Respiratory,Salbutamol Inhaler,198,525.28,303.63,104005.44,43886.7
TXN1601,2022-07-09,2022,7,Q3,West,Zone D,Retail Pharmacy,Cardiovascular,Amlodipine 5mg,95,150.93,64.65,14338.35,8196.6
TXN1602,2022-11-14,2022,11,Q4,East,Zone C,Distributor,Neurology,Pregabalin 75mg,421,533.68,259.62,224679.28,115379.26
TXN1603,2022-03-23,2022,3,Q1,East,Zone C,Hospital,Cardiovascular,Amlodipine 5mg,322,465.77,207.02,149977.94,83317.5
TXN1604,2022-09-22,2022,9,Q3,East,Zone C,Retail Pharmacy,Neurology,Levetiracetam 250mg,334,113.79,64.25,38005.86,16546.36
TXN1605,2022-09-23,2022,9,Q3,North,Zone A,Distributor,Respiratory,Montelukast 10mg,121,121.22,59.94,14667.62,7414.88
TXN1606,2023-10-01,2023,10,Q4,East,Zone C,Distributor,Oncology,Imatinib 100mg,65,796.68,457.94,51784.2,22018.1
TXN1607,2022-01-16,2022,1,Q1,South,Zone B,Distributor,Respiratory,Salbutamol Inhaler,243,554.38,335.21,134714.34,53258.31
TXN1608,2022-05-09,2022,5,Q2,North,Zone A,Distributor,Oncology,Capecitabine 500mg,413,570.07,347.85,235438.91,91776.86
TXN1609,2022-06-25,2022,6,Q2,West,Zone D,Retail Pharmacy,Oncology,Capecitabine 500mg,222,635.26,382.5,141027.72,56112.72
TXN1610,2022-06-10,2022,6,Q2,West,Zone D,Retail Pharmacy,Neurology,Levetiracetam 250mg,92,197.18,86.3,18140.56,10200.96
TXN1611,2022-11-19,2022,11,Q4,West,Zone D,Distributor,Oncology,Capecitabine 500mg,126,456.03,194.18,57459.78,32993.1
TXN1612,2022-07-06,2022,7,Q3,East,Zone C,Retail Pharmacy,Neurology,Levetiracetam 250mg,316,528.33,341.31,166952.28,59098.32
TXN1613,2023-04-03,2023,4,Q2,East,Zone C,Distributor,Oncology,Capecitabine 500mg,279,539.71,240.81,150579.09,83393.1
TXN1614,2022-04-12,2022,4,Q2,West,Zone D,Distributor,Oncology,Imatinib 100mg,458,575.32,363.1,263496.56,97196.76
TXN1615,2023-05-22,2023,5,Q2,East,Zone C,Retail Pharmacy,Respiratory,Salbutamol Inhaler,137,743.08,514.62,101801.96,31299.02
TXN1616,2023-11-22,2023,11,Q4,North,Zone A,Hospital,Neurology,Pregabalin 75mg,354,557.08,274.18,197206.32,100146.6
TXN1617,2023-12-22,2023,12,Q4,East,Zone C,Hospital,Respiratory,Salbutamol Inhaler,284,776.99,398.87,220665.16,107386.08
TXN1618,2023-03-14,2023,3,Q1,East,Zone C,Retail Pharmacy,Cardiovascular,Atorvastatin 10mg,335,424.48,183.33,142200.8,80785.25
TXN1619,2022-08-15,2022,8,Q3,West,Zone D,Hospital,Respiratory,Salbutamol Inhaler,266,361.12,186.4,96057.92,46475.52
TXN1620,2023-07-18,2023,7,Q3,West,Zone D,Hospital,Neurology,Pregabalin 75mg,266,755.38,449.17,200931.08,81451.86
TXN1621,2022-07-01,2022,7,Q3,North,Zone A,Hospital,Diabetes,Glipizide 5mg,430,133.41,88.11,57366.3,19479.0
TXN1622,2023-04-04,2023,4,Q2,West,Zone D,Hospital,Respiratory,Montelukast 10mg,450,514.98,313.86,231741.0,90504.0
TXN1623,2022-03-18,2022,3,Q1,East,Zone C,Distributor,Diabetes,Metformin 500mg,57,309.11,198.11,17619.27,6327.0
TXN1624,2023-09-03,2023,9,Q3,East,Zone C,Distributor,Oncology,Capecitabine 500mg,195,179.06,118.83,34916.7,11744.85
TXN1625,2023-05-16,2023,5,Q2,East,Zone C,Distributor,Oncology,Imatinib 100mg,66,442.75,219.49,29221.5,14735.16
TXN1626,2023-06-04,2023,6,Q2,North,Zone A,Retail Pharmacy,Neurology,Pregabalin 75mg,252,643.56,434.23,162177.12,52751.16
TXN1627,2022-01-13,2022,1,Q1,South,Zone B,Retail Pharmacy,Respiratory,Salbutamol Inhaler,432,706.35,488.29,305143.2,94201.92
TXN1628,2023-06-05,2023,6,Q2,South,Zone B,Retail Pharmacy,Neurology,Pregabalin 75mg,68,437.21,251.04,29730.28,12659.56
TXN1629,2023-05-09,2023,5,Q2,North,Zone A,Retail Pharmacy,Diabetes,Metformin 500mg,61,762.9,310.21,46536.9,27614.09
TXN1630,2022-01-20,2022,1,Q1,North,Zone A,Distributor,Neurology,Levetiracetam 250mg,284,149.13,79.33,42352.92,19823.2
TXN1631,2023-03-05,2023,3,Q1,North,Zone A,Retail Pharmacy,Neurology,Pregabalin 75mg,184,726.8,374.28,133731.2,64863.68
TXN1632,2022-10-17,2022,10,Q4,North,Zone A,Retail Pharmacy,Neurology,Levetiracetam 250mg,60,669.76,386.05,40185.6,17022.6
TXN1633,2023-10-27,2023,10,Q4,North,Zone A,Distributor,Diabetes,Sitagliptin 50mg,74,384.04,155.29,28418.96,16927.5
TXN1634,2023-03-22,2023,3,Q1,South,Zone B,Hospital,Neurology,Pregabalin 75mg,168,408.75,166.08,68670.0,40768.56
TXN1635,2022-11-07,2022,11,Q4,East,Zone C,Hospital,Respiratory,Montelukast 10mg,379,457.25,234.18,173297.75,84543.53
TXN1636,2023-12-15,2023,12,Q4,East,Zone C,Retail Pharmacy,Oncology,Imatinib 100mg,78,340.03,141.23,26522.34,15506.4
TXN1637,2022-08-04,2022,8,Q3,North,Zone A,Distributor,Respiratory,Salbutamol Inhaler,57,679.36,301.36,38723.52,21546.0
TXN1638,2023-07-14,2023,7,Q3,North,Zone A,Hospital,Oncology,Imatinib 100mg,65,474.51,314.79,30843.15,10381.8
TXN1639,2022-07-17,2022,7,Q3,North,Zone A,Hospital,Cardiovascular,Telmisartan 40mg,151,666.75,447.28,100679.25,33139.97
TXN1640,2022-08-25,2022,8,Q3,West,Zone D,Hospital,Cardiovascular,Atorvastatin 10mg,489,388.67,264.71,190059.63,60616.44
TXN1641,2023-09-15,2023,9,Q3,West,Zone D,Hospital,Diabetes,Glipizide 5mg,469,318.6,222.02,149423.4,45296.02
TXN1642,2023-11-25,2023,11,Q4,East,Zone C,Distributor,Cardiovascular,Atorvastatin 10mg,383,264.43,159.11,101276.69,40337.56
TXN1643,2022-09-04,2022,9,Q3,West,Zone D,Retail Pharmacy,Oncology,Capecitabine 500mg,281,539.73,309.74,151664.13,64627.19
TXN1644,2023-08-13,2023,8,Q3,North,Zone A,Hospital,Diabetes,Sitagliptin 50mg,55,596.49,295.03,32806.95,16580.3
TXN1645,2023-02-15,2023,2,Q1,North,Zone A,Distributor,Cardiovascular,Atorvastatin 10mg,115,490.77,212.85,56438.55,31960.8
TXN1646,2022-09-21,2022,9,Q3,West,Zone D,Retail Pharmacy,Respiratory,Montelukast 10mg,488,636.82,444.34,310768.16,93930.24
TXN1647,2023-09-23,2023,9,Q3,South,Zone B,Retail Pharmacy,Respiratory,Montelukast 10mg,242,357.25,247.74,86454.5,26501.42
TXN1648,2023-12-27,2023,12,Q4,East,Zone C,Hospital,Diabetes,Sitagliptin 50mg,493,483.77,314.35,238498.61,83524.06
TXN1649,2023-03-06,2023,3,Q1,South,Zone B,Hospital,Cardiovascular,Amlodipine 5mg,147,539.21,290.04,79263.87,36627.99
TXN1650,2023-12-12,2023,12,Q4,South,Zone B,Distributor,Neurology,Pregabalin 75mg,468,347.0,152.65,162396.0,90955.8
TXN1651,2023-05-19,2023,5,Q2,East,Zone C,Distributor,Respiratory,Montelukast 10mg,458,356.81,180.66,163418.98,80676.7
TXN1652,2023-11-25,2023,11,Q4,East,Zone C,Distributor,Oncology,Imatinib 100mg,195,481.7,216.01,93931.5,51809.55
TXN1653,2023-02-10,2023,2,Q1,East,Zone C,Distributor,Oncology,Imatinib 100mg,137,606.7,247.27,83117.9,49241.91
TXN1654,2023-11-21,2023,11,Q4,South,Zone B,Retail Pharmacy,Neurology,Levetiracetam 250mg,186,608.55,318.71,113190.3,53910.24
TXN1655,2022-07-17,2022,7,Q3,West,Zone D,Hospital,Respiratory,Salbutamol Inhaler,197,246.0,129.33,48462.0,22983.99
TXN1656,2023-09-06,2023,9,Q3,South,Zone B,Hospital,Cardiovascular,Atorvastatin 10mg,183,731.01,345.6,133774.83,70530.03
TXN1657,2022-05-17,2022,5,Q2,East,Zone C,Hospital,Diabetes,Sitagliptin 50mg,404,95.68,39.16,38654.72,22834.08
TXN1658,2023-01-11,2023,1,Q1,West,Zone D,Retail Pharmacy,Respiratory,Salbutamol Inhaler,202,66.92,44.07,13517.84,4615.7
TXN1659,2022-07-09,2022,7,Q3,North,Zone A,Hospital,Diabetes,Metformin 500mg,260,508.73,248.63,132269.8,67626.0
TXN1660,2023-12-13,2023,12,Q4,South,Zone B,Retail Pharmacy,Oncology,Imatinib 100mg,409,235.14,115.67,96172.26,48863.23
TXN1661,2023-09-10,2023,9,Q3,North,Zone A,Retail Pharmacy,Diabetes,Glipizide 5mg,97,182.99,112.89,17750.03,6799.7
TXN1662,2023-08-04,2023,8,Q3,North,Zone A,Distributor,Neurology,Pregabalin 75mg,293,320.28,186.23,93842.04,39276.65
TXN1663,2022-10-25,2022,10,Q4,West,Zone D,Hospital,Cardiovascular,Amlodipine 5mg,437,249.5,124.71,109031.5,54533.23
TXN1664,2022-02-10,2022,2,Q1,East,Zone C,Hospital,Respiratory,Montelukast 10mg,160,559.3,380.06,89488.0,28678.4
TXN1665,2022-08-09,2022,8,Q3,South,Zone B,Retail Pharmacy,Respiratory,Salbutamol Inhaler,116,86.92,40.79,10082.72,5351.08
TXN1666,2022-10-05,2022,10,Q4,North,Zone A,Retail Pharmacy,Oncology,Imatinib 100mg,446,207.09,108.7,92362.14,43881.94
TXN1667,2023-06-07,2023,6,Q2,West,Zone D,Hospital,Cardiovascular,Telmisartan 40mg,361,748.77,438.86,270305.97,111877.51
TXN1668,2023-03-18,2023,3,Q1,East,Zone C,Distributor,Respiratory,Montelukast 10mg,246,624.39,379.31,153599.94,60289.68
TXN1669,2022-10-03,2022,10,Q4,North,Zone A,Retail Pharmacy,Respiratory,Montelukast 10mg,408,524.01,323.75,213796.08,81706.08
TXN1670,2023-04-19,2023,4,Q2,East,Zone C,Retail Pharmacy,Diabetes,Sitagliptin 50mg,241,527.05,273.79,127019.05,61035.66
TXN1671,2022-12-19,2022,12,Q4,East,Zone C,Retail Pharmacy,Cardiovascular,Telmisartan 40mg,488,623.9,276.36,304463.2,169599.52
TXN1672,2022-06-16,2022,6,Q2,West,Zone D,Distributor,Oncology,Imatinib 100mg,281,659.29,280.01,185260.49,106577.68
TXN1673,2022-07-06,2022,7,Q3,South,Zone B,Retail Pharmacy,Cardiovascular,Telmisartan 40mg,204,638.81,307.98,130317.24,67489.32
TXN1674,2022-07-19,2022,7,Q3,East,Zone C,Retail Pharmacy,Respiratory,Montelukast 10mg,386,552.02,259.11,213079.72,113063.26
TXN1675,2022-06-21,2022,6,Q2,South,Zone B,Retail Pharmacy,Neurology,Levetiracetam 250mg,238,152.98,104.9,36409.24,11443.04
TXN1676,2022-04-09,2022,4,Q2,West,Zone D,Hospital,Oncology,Capecitabine 500mg,161,284.69,187.2,45835.09,15695.89
TXN1677,2023-08-13,2023,8,Q3,North,Zone A,Distributor,Respiratory,Salbutamol Inhaler,245,518.73,306.83,127088.85,51915.5
TXN1678,2023-06-10,2023,6,Q2,East,Zone C,Hospital,Cardiovascular,Telmisartan 40mg,221,195.9,126.58,43293.9,15319.72
TXN1679,2023-05-05,2023,5,Q2,North,Zone A,Distributor,Diabetes,Sitagliptin 50mg,236,503.23,270.87,118762.28,54836.96
TXN1680,2023-01-18,2023,1,Q1,West,Zone D,Retail Pharmacy,Oncology,Capecitabine 500mg,429,594.03,257.68,254838.87,144294.15
TXN1681,2022-06-08,2022,6,Q2,South,Zone B,Distributor,Diabetes,Sitagliptin 50mg,76,559.37,329.7,42512.12,17454.92
TXN1682,2023-08-20,2023,8,Q3,East,Zone C,Hospital,Respiratory,Salbutamol Inhaler,401,486.97,340.22,195274.97,58846.75
TXN1683,2023-12-22,2023,12,Q4,North,Zone A,Distributor,Cardiovascular,Atorvastatin 10mg,383,308.07,171.34,117990.81,52367.59
TXN1684,2023-08-14,2023,8,Q3,North,Zone A,Hospital,Respiratory,Salbutamol Inhaler,396,237.48,100.22,94042.08,54354.96
TXN1685,2022-05-26,2022,5,Q2,West,Zone D,Hospital,Respiratory,Montelukast 10mg,71,196.78,127.13,13971.38,4945.15
TXN1686,2022-02-06,2022,2,Q1,East,Zone C,Hospital,Cardiovascular,Atorvastatin 10mg,181,434.66,215.7,78673.46,39631.76
TXN1687,2022-04-08,2022,4,Q2,East,Zone C,Hospital,Cardiovascular,Amlodipine 5mg,497,308.76,128.57,153453.72,89554.43
TXN1688,2023-09-22,2023,9,Q3,North,Zone A,Retail Pharmacy,Diabetes,Metformin 500mg,412,736.25,480.89,303335.0,105208.32
TXN1689,2022-01-01,2022,1,Q1,East,Zone C,Hospital,Respiratory,Montelukast 10mg,67,592.09,278.02,39670.03,21042.69
TXN1690,2022-01-06,2022,1,Q1,South,Zone B,Retail Pharmacy,Oncology,Imatinib 100mg,333,225.87,141.13,75214.71,28218.42
TXN1691,2023-10-22,2023,10,Q4,West,Zone D,Hospital,Diabetes,Sitagliptin 50mg,105,518.5,220.03,54442.5,31339.35
TXN1692,2022-10-26,2022,10,Q4,North,Zone A,Retail Pharmacy,Respiratory,Salbutamol Inhaler,128,629.89,378.86,80625.92,32131.84
TXN1693,2022-08-22,2022,8,Q3,South,Zone B,Retail Pharmacy,Neurology,Levetiracetam 250mg,195,790.17,494.94,154083.15,57569.85
TXN1694,2022-04-14,2022,4,Q2,North,Zone A,Hospital,Neurology,Pregabalin 75mg,419,123.03,75.28,51549.57,20007.25
TXN1695,2022-08-27,2022,8,Q3,East,Zone C,Retail Pharmacy,Neurology,Pregabalin 75mg,228,63.71,42.76,14525.88,4776.6
TXN1696,2022-01-22,2022,1,Q1,West,Zone D,Distributor,Cardiovascular,Atorvastatin 10mg,73,453.19,206.42,33082.87,18014.21
TXN1697,2023-06-10,2023,6,Q2,North,Zone A,Retail Pharmacy,Neurology,Levetiracetam 250mg,261,655.9,407.46,171189.9,64842.84
TXN1698,2023-01-14,2023,1,Q1,North,Zone A,Retail Pharmacy,Diabetes,Sitagliptin 50mg,343,290.3,130.43,99572.9,54835.41
TXN1699,2023-02-21,2023,2,Q1,East,Zone C,Hospital,Oncology,Imatinib 100mg,340,620.66,256.22,211024.4,123909.6
TXN1700,2022-01-27,2022,1,Q1,South,Zone B,Hospital,Respiratory,Salbutamol Inhaler,268,603.41,266.53,161713.88,90283.84
TXN1701,2023-10-23,2023,10,Q4,South,Zone B,Distributor,Diabetes,Metformin 500mg,241,731.9,472.73,176387.9,62459.97
TXN1702,2023-02-16,2023,2,Q1,West,Zone D,Distributor,Respiratory,Salbutamol Inhaler,351,764.39,478.78,268300.89,100249.11
TXN1703,2023-02-22,2023,2,Q1,West,Zone D,Hospital,Oncology,Capecitabine 500mg,174,385.4,250.1,67059.6,23542.2
TXN1704,2022-05-13,2022,5,Q2,West,Zone D,Hospital,Cardiovascular,Atorvastatin 10mg,107,115.58,59.32,12367.06,6019.82
TXN1705,2022-12-13,2022,12,Q4,East,Zone C,Distributor,Diabetes,Metformin 500mg,76,314.25,129.76,23883.0,14021.24
TXN1706,2022-02-06,2022,2,Q1,West,Zone D,Distributor,Oncology,Imatinib 100mg,104,671.86,371.16,69873.44,31272.8
TXN1707,2022-03-09,2022,3,Q1,West,Zone D,Distributor,Respiratory,Montelukast 10mg,392,524.95,280.89,205780.4,95671.52
TXN1708,2023-02-14,2023,2,Q1,East,Zone C,Retail Pharmacy,Oncology,Capecitabine 500mg,92,101.78,50.93,9363.76,4678.2
TXN1709,2023-02-17,2023,2,Q1,East,Zone C,Hospital,Diabetes,Sitagliptin 50mg,207,660.79,340.07,136783.53,66389.04
TXN1710,2022-10-09,2022,10,Q4,South,Zone B,Distributor,Oncology,Imatinib 100mg,356,532.1,308.77,189427.6,79505.48
TXN1711,2022-11-07,2022,11,Q4,South,Zone B,Hospital,Oncology,Capecitabine 500mg,491,185.12,80.15,90893.92,51540.27
TXN1712,2023-06-25,2023,6,Q2,East,Zone C,Hospital,Cardiovascular,Telmisartan 40mg,496,481.84,316.13,238992.64,82192.16
TXN1713,2023-09-01,2023,9,Q3,West,Zone D,Hospital,Oncology,Imatinib 100mg,478,459.12,212.17,219459.36,118042.1
TXN1714,2023-09-17,2023,9,Q3,West,Zone D,Hospital,Respiratory,Salbutamol Inhaler,367,659.24,331.5,241941.08,120280.58
TXN1715,2022-05-13,2022,5,Q2,South,Zone B,Hospital,Diabetes,Sitagliptin 50mg,451,713.36,403.9,321725.36,139566.46
TXN1716,2022-02-04,2022,2,Q1,South,Zone B,Retail Pharmacy,Diabetes,Metformin 500mg,66,329.06,206.63,21717.96,8080.38
TXN1717,2023-11-15,2023,11,Q4,East,Zone C,Hospital,Neurology,Pregabalin 75mg,157,87.2,41.6,13690.4,7159.2
TXN1718,2023-10-17,2023,10,Q4,East,Zone C,Retail Pharmacy,Oncology,Capecitabine 500mg,266,568.56,272.07,151236.96,78866.34
TXN1719,2023-01-12,2023,1,Q1,West,Zone D,Hospital,Respiratory,Salbutamol Inhaler,347,465.17,227.83,161413.99,82356.98
TXN1720,2022-07-21,2022,7,Q3,West,Zone D,Retail Pharmacy,Oncology,Imatinib 100mg,203,322.44,205.77,65455.32,23684.01
TXN1721,2023-06-22,2023,6,Q2,East,Zone C,Retail Pharmacy,Neurology,Pregabalin 75mg,367,384.47,156.1,141100.49,83811.79
TXN1722,2023-06-14,2023,6,Q2,West,Zone D,Distributor,Respiratory,Salbutamol Inhaler,449,410.22,245.52,184188.78,73950.3
TXN1723,2022-01-03,2022,1,Q1,South,Zone B,Hospital,Diabetes,Glipizide 5mg,75,70.15,36.07,5261.25,2556.0
TXN1724,2023-12-01,2023,12,Q4,South,Zone B,Hospital,Oncology,Capecitabine 500mg,335,274.75,189.2,92041.25,28659.25
TXN1725,2022-12-09,2022,12,Q4,South,Zone B,Distributor,Diabetes,Glipizide 5mg,353,50.71,20.88,17900.63,10529.99
TXN1726,2022-12-03,2022,12,Q4,East,Zone C,Distributor,Respiratory,Salbutamol Inhaler,179,164.86,101.96,29509.94,11259.1
TXN1727,2023-03-13,2023,3,Q1,West,Zone D,Retail Pharmacy,Diabetes,Glipizide 5mg,211,752.54,417.44,158785.94,70706.1
TXN1728,2022-06-16,2022,6,Q2,South,Zone B,Distributor,Neurology,Pregabalin 75mg,271,294.37,134.68,79774.27,43275.99
TXN1729,2022-11-11,2022,11,Q4,South,Zone B,Distributor,Neurology,Levetiracetam 250mg,406,632.6,413.89,256835.6,88796.26
TXN1730,2022-07-06,2022,7,Q3,West,Zone D,Hospital,Oncology,Capecitabine 500mg,230,451.51,266.66,103847.3,42515.5
TXN1731,2022-09-03,2022,9,Q3,South,Zone B,Distributor,Respiratory,Montelukast 10mg,316,578.25,392.39,182727.0,58731.76
TXN1732,2023-07-17,2023,7,Q3,South,Zone B,Hospital,Diabetes,Glipizide 5mg,287,449.17,290.39,128911.79,45569.86
TXN1733,2023-07-21,2023,7,Q3,East,Zone C,Retail Pharmacy,Oncology,Imatinib 100mg,53,180.94,110.78,9589.82,3718.48
TXN1734,2022-03-06,2022,3,Q1,North,Zone A,Hospital,Neurology,Pregabalin 75mg,179,141.06,86.94,25249.74,9687.48
TXN1735,2022-12-21,2022,12,Q4,East,Zone C,Retail Pharmacy,Oncology,Imatinib 100mg,378,355.92,172.23,134537.76,69434.82
TXN1736,2023-04-22,2023,4,Q2,North,Zone A,Retail Pharmacy,Neurology,Pregabalin 75mg,411,377.18,225.36,155020.98,62398.02
TXN1737,2023-07-01,2023,7,Q3,North,Zone A,Retail Pharmacy,Respiratory,Montelukast 10mg,69,741.98,408.62,51196.62,23001.84
TXN1738,2023-12-17,2023,12,Q4,South,Zone B,Distributor,Respiratory,Montelukast 10mg,379,740.4,298.83,280611.6,167355.03
TXN1739,2023-08-07,2023,8,Q3,South,Zone B,Hospital,Oncology,Capecitabine 500mg,454,438.51,256.2,199083.54,82768.74
TXN1740,2023-12-25,2023,12,Q4,East,Zone C,Retail Pharmacy,Diabetes,Metformin 500mg,353,135.68,64.67,47895.04,25066.53
TXN1741,2022-11-23,2022,11,Q4,West,Zone D,Hospital,Diabetes,Glipizide 5mg,328,77.35,32.16,25370.8,14822.32
TXN1742,2023-02-03,2023,2,Q1,East,Zone C,Distributor,Cardiovascular,Amlodipine 5mg,224,366.28,150.9,82046.72,48245.12
TXN1743,2023-08-10,2023,8,Q3,South,Zone B,Distributor,Respiratory,Montelukast 10mg,121,129.97,66.29,15726.37,7705.28
TXN1744,2023-10-08,2023,10,Q4,West,Zone D,Hospital,Cardiovascular,Telmisartan 40mg,267,698.8,405.47,186579.6,78319.11
TXN1745,2023-05-22,2023,5,Q2,West,Zone D,Hospital,Diabetes,Sitagliptin 50mg,399,411.51,258.15,164192.49,61190.64
TXN1746,2022-08-22,2022,8,Q3,West,Zone D,Hospital,Diabetes,Metformin 500mg,67,734.6,428.35,49218.2,20518.75
TXN1747,2023-08-02,2023,8,Q3,East,Zone C,Distributor,Respiratory,Salbutamol Inhaler,428,126.78,79.3,54261.84,20321.44
TXN1748,2022-05-26,2022,5,Q2,West,Zone D,Distributor,Neurology,Pregabalin 75mg,307,57.91,30.01,17778.37,8565.3
TXN1749,2023-05-13,2023,5,Q2,West,Zone D,Hospital,Neurology,Levetiracetam 250mg,446,536.51,359.34,239283.46,79017.82
TXN1750,2023-08-03,2023,8,Q3,North,Zone A,Distributor,Diabetes,Sitagliptin 50mg,176,552.32,287.6,97208.32,46590.72
TXN1751,2023-01-05,2023,1,Q1,East,Zone C,Distributor,Neurology,Levetiracetam 250mg,437,219.34,128.31,95851.58,39780.11
TXN1752,2022-01-27,2022,1,Q1,North,Zone A,Retail Pharmacy,Respiratory,Montelukast 10mg,268,685.45,316.54,183700.6,98867.88
TXN1753,2023-05-05,2023,5,Q2,North,Zone A,Hospital,Neurology,Pregabalin 75mg,411,75.82,40.47,31162.02,14528.85
TXN1754,2023-04-02,2023,4,Q2,West,Zone D,Retail Pharmacy,Cardiovascular,Amlodipine 5mg,231,515.89,225.04,119170.59,67186.35
TXN1755,2023-10-21,2023,10,Q4,South,Zone B,Hospital,Respiratory,Salbutamol Inhaler,127,124.42,65.77,15801.34,7448.55
TXN1756,2023-03-15,2023,3,Q1,East,Zone C,Hospital,Cardiovascular,Amlodipine 5mg,123,74.34,34.99,9143.82,4840.05
TXN1757,2022-10-16,2022,10,Q4,North,Zone A,Hospital,Oncology,Capecitabine 500mg,445,765.92,517.42,340834.4,110582.5
TXN1758,2023-05-03,2023,5,Q2,East,Zone C,Retail Pharmacy,Neurology,Pregabalin 75mg,58,702.15,318.91,40724.7,22227.92
TXN1759,2023-09-18,2023,9,Q3,East,Zone C,Distributor,Cardiovascular,Telmisartan 40mg,309,416.92,183.45,128828.28,72142.23
TXN1760,2023-10-16,2023,10,Q4,West,Zone D,Distributor,Diabetes,Metformin 500mg,50,176.02,89.14,8801.0,4344.0
TXN1761,2023-06-23,2023,6,Q2,East,Zone C,Retail Pharmacy,Oncology,Capecitabine 500mg,472,62.5,31.36,29500.0,14698.08
TXN1762,2022-04-08,2022,4,Q2,West,Zone D,Distributor,Cardiovascular,Telmisartan 40mg,248,242.31,164.82,60092.88,19217.52
TXN1763,2023-07-25,2023,7,Q3,South,Zone B,Distributor,Oncology,Imatinib 100mg,265,400.16,203.25,106042.4,52181.15
TXN1764,2023-12-22,2023,12,Q4,North,Zone A,Retail Pharmacy,Oncology,Capecitabine 500mg,463,775.03,472.11,358838.89,140251.96
TXN1765,2023-01-12,2023,1,Q1,North,Zone A,Distributor,Diabetes,Sitagliptin 50mg,125,462.29,242.77,57786.25,27440.0
TXN1766,2022-07-17,2022,7,Q3,South,Zone B,Retail Pharmacy,Respiratory,Montelukast 10mg,205,283.54,147.59,58125.7,27869.75
TXN1767,2023-02-20,2023,2,Q1,North,Zone A,Distributor,Respiratory,Salbutamol Inhaler,255,146.8,71.84,37434.0,19114.8
TXN1768,2022-12-05,2022,12,Q4,North,Zone A,Distributor,Neurology,Levetiracetam 250mg,166,299.55,204.29,49725.3,15813.16
TXN1769,2022-07-19,2022,7,Q3,South,Zone B,Hospital,Diabetes,Metformin 500mg,427,395.27,242.26,168780.29,65335.27
TXN1770,2022-05-05,2022,5,Q2,West,Zone D,Retail Pharmacy,Cardiovascular,Amlodipine 5mg,79,79.52,32.33,6282.08,3728.01
TXN1771,2023-06-01,2023,6,Q2,North,Zone A,Hospital,Neurology,Levetiracetam 250mg,220,70.33,44.66,15472.6,5647.4
TXN1772,2022-11-06,2022,11,Q4,South,Zone B,Hospital,Cardiovascular,Atorvastatin 10mg,482,790.02,375.47,380789.64,199813.1
TXN1773,2022-12-20,2022,12,Q4,North,Zone A,Retail Pharmacy,Diabetes,Sitagliptin 50mg,176,92.93,63.13,16355.68,5244.8
TXN1774,2023-05-19,2023,5,Q2,South,Zone B,Hospital,Cardiovascular,Amlodipine 5mg,67,293.25,201.06,19647.75,6176.73
TXN1775,2023-05-13,2023,5,Q2,North,Zone A,Retail Pharmacy,Respiratory,Salbutamol Inhaler,276,111.93,49.96,30892.68,17103.72
TXN1776,2023-02-19,2023,2,Q1,North,Zone A,Hospital,Neurology,Pregabalin 75mg,233,774.92,529.59,180556.36,57161.89
TXN1777,2022-01-22,2022,1,Q1,North,Zone A,Distributor,Cardiovascular,Telmisartan 40mg,371,753.23,454.88,279448.33,110687.85
TXN1778,2023-09-04,2023,9,Q3,South,Zone B,Distributor,Diabetes,Sitagliptin 50mg,66,68.03,38.11,4489.98,1974.72
TXN1779,2023-05-04,2023,5,Q2,North,Zone A,Hospital,Respiratory,Salbutamol Inhaler,295,453.67,254.05,133832.65,58887.9
TXN1780,2023-12-19,2023,12,Q4,West,Zone D,Retail Pharmacy,Cardiovascular,Amlodipine 5mg,245,502.43,235.23,123095.35,65464.0
TXN1781,2022-03-11,2022,3,Q1,North,Zone A,Distributor,Diabetes,Glipizide 5mg,317,150.0,98.33,47550.0,16379.39
TXN1782,2022-12-03,2022,12,Q4,East,Zone C,Retail Pharmacy,Cardiovascular,Amlodipine 5mg,314,636.33,346.96,199807.62,90862.18
TXN1783,2023-04-10,2023,4,Q2,East,Zone C,Distributor,Oncology,Imatinib 100mg,370,190.63,119.18,70533.1,26436.5
TXN1784,2023-07-27,2023,7,Q3,East,Zone C,Retail Pharmacy,Oncology,Capecitabine 500mg,429,434.65,284.02,186464.85,64620.27
TXN1785,2023-12-07,2023,12,Q4,East,Zone C,Retail Pharmacy,Cardiovascular,Amlodipine 5mg,121,487.33,299.9,58966.93,22679.03
TXN1786,2022-11-03,2022,11,Q4,West,Zone D,Retail Pharmacy,Oncology,Imatinib 100mg,250,233.0,160.77,58250.0,18057.5
TXN1787,2023-07-11,2023,7,Q3,North,Zone A,Retail Pharmacy,Neurology,Pregabalin 75mg,497,382.58,189.87,190142.26,95776.87
TXN1788,2023-07-07,2023,7,Q3,South,Zone B,Hospital,Neurology,Levetiracetam 250mg,117,666.31,294.3,77958.27,43525.17
TXN1789,2022-12-07,2022,12,Q4,East,Zone C,Retail Pharmacy,Neurology,Pregabalin 75mg,227,55.1,34.67,12507.7,4637.61
TXN1790,2023-12-09,2023,12,Q4,South,Zone B,Distributor,Diabetes,Sitagliptin 50mg,171,639.75,333.65,109397.25,52343.1
TXN1791,2022-07-13,2022,7,Q3,East,Zone C,Retail Pharmacy,Neurology,Levetiracetam 250mg,168,55.82,30.57,9377.76,4242.0
TXN1792,2023-06-03,2023,6,Q2,East,Zone C,Retail Pharmacy,Diabetes,Sitagliptin 50mg,227,363.04,178.94,82410.08,41790.7
TXN1793,2022-12-24,2022,12,Q4,South,Zone B,Retail Pharmacy,Diabetes,Sitagliptin 50mg,142,310.87,182.19,44143.54,18272.56
TXN1794,2023-01-10,2023,1,Q1,West,Zone D,Hospital,Diabetes,Sitagliptin 50mg,101,210.16,109.99,21226.16,10117.17
TXN1795,2022-08-04,2022,8,Q3,East,Zone C,Hospital,Respiratory,Salbutamol Inhaler,53,703.69,369.79,37295.57,17696.7
TXN1796,2023-12-13,2023,12,Q4,North,Zone A,Distributor,Oncology,Imatinib 100mg,345,118.62,74.02,40923.9,15387.0
TXN1797,2022-01-20,2022,1,Q1,South,Zone B,Distributor,Cardiovascular,Amlodipine 5mg,307,57.37,29.99,17612.59,8405.66
TXN1798,2022-11-12,2022,11,Q4,East,Zone C,Hospital,Diabetes,Glipizide 5mg,488,696.66,449.23,339970.08,120745.84
TXN1799,2022-05-25,2022,5,Q2,West,Zone D,Retail Pharmacy,Respiratory,Salbutamol Inhaler,317,448.61,241.08,142209.37,65787.01
TXN1800,2022-08-21,2022,8,Q3,West,Zone D,Retail Pharmacy,Respiratory,Salbutamol Inhaler,54,438.71,270.54,23690.34,9081.18
TXN1801,2022-08-02,2022,8,Q3,South,Zone B,Retail Pharmacy,Neurology,Pregabalin 75mg,80,224.64,123.01,17971.2,8130.4
TXN1802,2023-02-13,2023,2,Q1,North,Zone A,Distributor,Neurology,Levetiracetam 250mg,458,465.48,227.8,213189.84,108857.44
TXN1803,2022-06-25,2022,6,Q2,South,Zone B,Distributor,Respiratory,Salbutamol Inhaler,215,655.97,413.48,141033.55,52135.35
TXN1804,2023-05-15,2023,5,Q2,West,Zone D,Hospital,Cardiovascular,Amlodipine 5mg,98,534.81,287.47,52411.38,24239.32
TXN1805,2023-05-10,2023,5,Q2,East,Zone C,Distributor,Diabetes,Glipizide 5mg,342,376.26,183.54,128680.92,65910.24
TXN1806,2023-02-03,2023,2,Q1,South,Zone B,Retail Pharmacy,Oncology,Capecitabine 500mg,136,172.52,74.41,23462.72,13342.96
TXN1807,2022-09-07,2022,9,Q3,West,Zone D,Hospital,Diabetes,Glipizide 5mg,364,733.0,389.0,266812.0,125216.0
TXN1808,2023-10-15,2023,10,Q4,West,Zone D,Hospital,Respiratory,Salbutamol Inhaler,460,214.9,114.64,98854.0,46119.6
TXN1809,2023-02-19,2023,2,Q1,East,Zone C,Hospital,Respiratory,Salbutamol Inhaler,102,676.23,414.6,68975.46,26686.26
TXN1810,2022-10-24,2022,10,Q4,West,Zone D,Hospital,Respiratory,Montelukast 10mg,228,377.57,203.59,86085.96,39667.44
TXN1811,2023-10-06,2023,10,Q4,West,Zone D,Retail Pharmacy,Oncology,Imatinib 100mg,252,593.99,386.64,149685.48,52252.2
TXN1812,2022-02-07,2022,2,Q1,South,Zone B,Hospital,Oncology,Capecitabine 500mg,172,535.51,234.82,92107.72,51718.68
TXN1813,2023-03-12,2023,3,Q1,North,Zone A,Hospital,Oncology,Capecitabine 500mg,240,321.72,208.45,77212.8,27184.8
TXN1814,2022-02-10,2022,2,Q1,West,Zone D,Retail Pharmacy,Diabetes,Metformin 500mg,467,401.77,272.63,187626.59,60308.38
TXN1815,2022-01-05,2022,1,Q1,West,Zone D,Retail Pharmacy,Neurology,Pregabalin 75mg,375,735.41,510.61,275778.75,84300.0
TXN1816,2022-10-05,2022,10,Q4,South,Zone B,Retail Pharmacy,Respiratory,Salbutamol Inhaler,279,280.2,116.88,78175.8,45566.28
TXN1817,2022-05-24,2022,5,Q2,East,Zone C,Distributor,Oncology,Capecitabine 500mg,308,702.27,468.59,216299.16,71973.44
TXN1818,2023-11-06,2023,11,Q4,East,Zone C,Retail Pharmacy,Respiratory,Montelukast 10mg,215,425.78,243.47,91542.7,39196.65
TXN1819,2023-01-08,2023,1,Q1,North,Zone A,Distributor,Oncology,Capecitabine 500mg,166,553.75,276.97,91922.5,45945.48
TXN1820,2023-04-25,2023,4,Q2,South,Zone B,Hospital,Respiratory,Montelukast 10mg,313,682.8,362.85,213716.4,100144.35
TXN1821,2023-10-20,2023,10,Q4,West,Zone D,Hospital,Cardiovascular,Telmisartan 40mg,443,486.83,221.98,215665.69,117328.55
TXN1822,2022-07-16,2022,7,Q3,South,Zone B,Retail Pharmacy,Respiratory,Montelukast 10mg,474,680.26,275.68,322443.24,191770.92
TXN1823,2022-09-26,2022,9,Q3,East,Zone C,Hospital,Respiratory,Salbutamol Inhaler,298,497.26,239.81,148183.48,76720.1
TXN1824,2023-12-07,2023,12,Q4,East,Zone C,Retail Pharmacy,Cardiovascular,Telmisartan 40mg,377,606.26,365.31,228560.02,90838.15
TXN1825,2023-02-23,2023,2,Q1,West,Zone D,Retail Pharmacy,Cardiovascular,Telmisartan 40mg,74,619.43,362.94,45837.82,18980.26
TXN1826,2023-03-02,2023,3,Q1,South,Zone B,Retail Pharmacy,Neurology,Levetiracetam 250mg,55,484.07,283.42,26623.85,11035.75
TXN1827,2023-12-16,2023,12,Q4,South,Zone B,Hospital,Diabetes,Sitagliptin 50mg,199,610.64,400.13,121517.36,41891.49
TXN1828,2022-05-03,2022,5,Q2,North,Zone A,Retail Pharmacy,Cardiovascular,Telmisartan 40mg,165,765.45,354.38,126299.25,67826.55
TXN1829,2023-12-10,2023,12,Q4,East,Zone C,Distributor,Oncology,Capecitabine 500mg,350,736.13,341.21,257645.5,138222.0
TXN1830,2023-08-15,2023,8,Q3,West,Zone D,Distributor,Neurology,Pregabalin 75mg,65,615.29,292.89,39993.85,20956.0
TXN1831,2022-10-13,2022,10,Q4,North,Zone A,Retail Pharmacy,Diabetes,Sitagliptin 50mg,164,733.72,497.76,120330.08,38697.44
TXN1832,2022-09-03,2022,9,Q3,East,Zone C,Distributor,Diabetes,Glipizide 5mg,227,473.45,225.22,107473.15,56348.21
TXN1833,2022-02-18,2022,2,Q1,North,Zone A,Hospital,Diabetes,Metformin 500mg,432,176.56,121.91,76273.92,23608.8
TXN1834,2022-12-04,2022,12,Q4,West,Zone D,Hospital,Neurology,Levetiracetam 250mg,105,103.28,66.67,10844.4,3844.05
TXN1835,2022-01-11,2022,1,Q1,East,Zone C,Hospital,Cardiovascular,Atorvastatin 10mg,374,156.04,68.52,58358.96,32732.48
TXN1836,2023-04-18,2023,4,Q2,West,Zone D,Hospital,Respiratory,Salbutamol Inhaler,117,742.8,480.18,86907.6,30726.54
TXN1837,2023-12-26,2023,12,Q4,South,Zone B,Hospital,Diabetes,Metformin 500mg,152,63.25,27.25,9614.0,5472.0
TXN1838,2022-09-14,2022,9,Q3,North,Zone A,Retail Pharmacy,Neurology,Levetiracetam 250mg,98,172.71,104.93,16925.58,6642.44
TXN1839,2023-07-19,2023,7,Q3,East,Zone C,Hospital,Cardiovascular,Telmisartan 40mg,491,232.71,148.83,114260.61,41185.08
TXN1840,2023-04-12,2023,4,Q2,East,Zone C,Distributor,Oncology,Imatinib 100mg,189,416.93,194.01,78799.77,42131.88
TXN1841,2023-10-09,2023,10,Q4,North,Zone A,Hospital,Cardiovascular,Atorvastatin 10mg,220,181.09,119.96,39839.8,13448.6
TXN1842,2023-09-14,2023,9,Q3,North,Zone A,Hospital,Neurology,Pregabalin 75mg,111,734.16,433.12,81491.76,33415.44
TXN1843,2022-04-07,2022,4,Q2,East,Zone C,Distributor,Diabetes,Metformin 500mg,131,393.31,168.6,51523.61,29437.01
TXN1844,2023-10-26,2023,10,Q4,South,Zone B,Distributor,Oncology,Imatinib 100mg,369,84.65,48.58,31235.85,13309.83
TXN1845,2022-06-20,2022,6,Q2,West,Zone D,Hospital,Diabetes,Metformin 500mg,245,360.28,217.49,88268.6,34983.55
TXN1846,2023-05-10,2023,5,Q2,West,Zone D,Hospital,Neurology,Pregabalin 75mg,423,791.37,398.29,334749.51,166272.84
TXN1847,2023-12-09,2023,12,Q4,South,Zone B,Retail Pharmacy,Oncology,Capecitabine 500mg,78,661.97,339.92,51633.66,25119.9
TXN1848,2023-09-23,2023,9,Q3,South,Zone B,Distributor,Oncology,Capecitabine 500mg,228,174.9,121.7,39877.2,12129.6
TXN1849,2023-09-02,2023,9,Q3,North,Zone A,Retail Pharmacy,Diabetes,Metformin 500mg,221,140.28,80.55,31001.88,13200.33
TXN1850,2023-12-25,2023,12,Q4,North,Zone A,Retail Pharmacy,Respiratory,Montelukast 10mg,379,598.9,270.82,226983.1,124342.32
TXN1851,2022-10-11,2022,10,Q4,North,Zone A,Retail Pharmacy,Oncology,Imatinib 100mg,362,662.04,350.63,239658.48,112730.42
TXN1852,2023-02-21,2023,2,Q1,North,Zone A,Retail Pharmacy,Diabetes,Metformin 500mg,60,522.51,274.43,31350.6,14884.8
TXN1853,2023-02-02,2023,2,Q1,West,Zone D,Hospital,Respiratory,Salbutamol Inhaler,304,179.57,105.33,54589.28,22568.96
TXN1854,2023-08-08,2023,8,Q3,East,Zone C,Distributor,Cardiovascular,Telmisartan 40mg,330,548.25,275.78,180922.5,89915.1
TXN1855,2023-10-10,2023,10,Q4,East,Zone C,Hospital,Oncology,Capecitabine 500mg,76,391.55,217.47,29757.8,13230.08
TXN1856,2022-03-23,2022,3,Q1,East,Zone C,Distributor,Neurology,Levetiracetam 250mg,278,599.16,281.55,166566.48,88295.58
TXN1857,2022-10-05,2022,10,Q4,South,Zone B,Retail Pharmacy,Neurology,Pregabalin 75mg,269,101.98,58.48,27432.62,11701.5
TXN1858,2022-11-21,2022,11,Q4,East,Zone C,Retail Pharmacy,Respiratory,Montelukast 10mg,328,89.68,54.74,29415.04,11460.32
TXN1859,2022-10-17,2022,10,Q4,South,Zone B,Retail Pharmacy,Respiratory,Salbutamol Inhaler,225,414.41,236.11,93242.25,40117.5
TXN1860,2023-08-10,2023,8,Q3,South,Zone B,Hospital,Diabetes,Glipizide 5mg,195,489.68,268.2,95487.6,43188.6
TXN1861,2023-06-03,2023,6,Q2,East,Zone C,Retail Pharmacy,Respiratory,Montelukast 10mg,295,764.2,427.89,225439.0,99211.45
TXN1862,2023-07-09,2023,7,Q3,South,Zone B,Retail Pharmacy,Oncology,Imatinib 100mg,153,124.36,72.99,19027.08,7859.61
TXN1863,2022-04-26,2022,4,Q2,North,Zone A,Retail Pharmacy,Oncology,Imatinib 100mg,435,689.85,469.15,300084.75,96004.5
TXN1864,2023-08-17,2023,8,Q3,East,Zone C,Distributor,Oncology,Imatinib 100mg,492,549.81,267.0,270506.52,139142.52
TXN1865,2022-04-04,2022,4,Q2,East,Zone C,Hospital,Diabetes,Sitagliptin 50mg,182,773.37,376.5,140753.34,72230.34
TXN1866,2022-02-13,2022,2,Q1,North,Zone A,Distributor,Oncology,Capecitabine 500mg,61,108.97,54.41,6647.17,3328.16
TXN1867,2022-10-15,2022,10,Q4,South,Zone B,Distributor,Neurology,Levetiracetam 250mg,223,684.23,404.09,152583.29,62471.22
TXN1868,2023-10-02,2023,10,Q4,South,Zone B,Distributor,Cardiovascular,Telmisartan 40mg,482,774.21,389.02,373169.22,185661.58
TXN1869,2023-03-21,2023,3,Q1,South,Zone B,Distributor,Oncology,Capecitabine 500mg,383,606.52,248.34,232297.16,137182.94
TXN1870,2022-06-27,2022,6,Q2,South,Zone B,Retail Pharmacy,Diabetes,Glipizide 5mg,136,150.52,65.44,20470.72,11570.88
TXN1871,2023-01-03,2023,1,Q1,East,Zone C,Distributor,Neurology,Pregabalin 75mg,176,566.89,284.83,99772.64,49642.56
TXN1872,2023-07-05,2023,7,Q3,West,Zone D,Distributor,Diabetes,Glipizide 5mg,207,160.89,109.77,33304.23,10581.84
TXN1873,2023-01-11,2023,1,Q1,East,Zone C,Distributor,Cardiovascular,Atorvastatin 10mg,472,533.86,216.26,251981.92,149907.2
TXN1874,2022-03-05,2022,3,Q1,North,Zone A,Hospital,Diabetes,Metformin 500mg,51,549.46,355.39,28022.46,9897.57
TXN1875,2022-06-26,2022,6,Q2,North,Zone A,Retail Pharmacy,Respiratory,Montelukast 10mg,197,563.33,310.38,110976.01,49831.15
TXN1876,2022-01-16,2022,1,Q1,North,Zone A,Hospital,Cardiovascular,Telmisartan 40mg,356,694.96,322.4,247405.76,132631.36
TXN1877,2023-05-22,2023,5,Q2,North,Zone A,Distributor,Oncology,Imatinib 100mg,327,249.67,102.22,81642.09,48216.15
TXN1878,2022-05-18,2022,5,Q2,West,Zone D,Retail Pharmacy,Respiratory,Montelukast 10mg,153,615.11,270.49,94111.83,52726.86
TXN1879,2022-10-24,2022,10,Q4,West,Zone D,Distributor,Neurology,Levetiracetam 250mg,88,772.32,521.52,67964.16,22070.4
TXN1880,2022-02-15,2022,2,Q1,West,Zone D,Hospital,Cardiovascular,Atorvastatin 10mg,126,770.62,516.98,97098.12,31958.64
TXN1881,2023-09-07,2023,9,Q3,East,Zone C,Retail Pharmacy,Respiratory,Montelukast 10mg,379,705.26,308.93,267293.54,150209.07
TXN1882,2023-03-17,2023,3,Q1,North,Zone A,Hospital,Neurology,Levetiracetam 250mg,78,619.15,267.31,48293.7,27443.52
TXN1883,2022-09-19,2022,9,Q3,North,Zone A,Hospital,Respiratory,Salbutamol Inhaler,235,451.77,234.13,106165.95,51145.4
TXN1884,2022-01-22,2022,1,Q1,East,Zone C,Hospital,Respiratory,Montelukast 10mg,280,465.64,268.38,130379.2,55232.8
TXN1885,2022-08-10,2022,8,Q3,East,Zone C,Retail Pharmacy,Oncology,Capecitabine 500mg,150,445.82,252.88,66873.0,28941.0
TXN1886,2022-10-16,2022,10,Q4,West,Zone D,Distributor,Respiratory,Salbutamol Inhaler,494,395.5,194.64,195377.0,99224.84
TXN1887,2023-08-11,2023,8,Q3,West,Zone D,Hospital,Oncology,Capecitabine 500mg,61,273.87,164.79,16706.07,6653.88
TXN1888,2023-11-21,2023,11,Q4,West,Zone D,Hospital,Cardiovascular,Atorvastatin 10mg,453,598.26,253.06,271011.78,156375.6
TXN1889,2023-07-02,2023,7,Q3,South,Zone B,Distributor,Oncology,Capecitabine 500mg,104,472.8,218.19,49171.2,26479.44
TXN1890,2022-10-24,2022,10,Q4,East,Zone C,Distributor,Respiratory,Montelukast 10mg,231,187.67,121.29,43351.77,15333.78
TXN1891,2023-01-16,2023,1,Q1,East,Zone C,Hospital,Respiratory,Montelukast 10mg,447,419.77,178.23,187637.19,107968.38
TXN1892,2022-04-09,2022,4,Q2,East,Zone C,Distributor,Oncology,Imatinib 100mg,387,145.42,98.07,56277.54,18324.45
TXN1893,2023-06-11,2023,6,Q2,West,Zone D,Distributor,Neurology,Pregabalin 75mg,463,135.23,54.25,62611.49,37493.74
TXN1894,2022-03-05,2022,3,Q1,North,Zone A,Distributor,Neurology,Pregabalin 75mg,445,491.09,294.7,218535.05,87393.55
TXN1895,2023-12-22,2023,12,Q4,North,Zone A,Retail Pharmacy,Diabetes,Sitagliptin 50mg,179,515.42,304.87,92260.18,37688.45
TXN1896,2022-11-11,2022,11,Q4,South,Zone B,Hospital,Oncology,Capecitabine 500mg,461,321.25,138.95,148096.25,84040.3
TXN1897,2023-10-12,2023,10,Q4,South,Zone B,Distributor,Diabetes,Glipizide 5mg,442,759.64,435.98,335760.88,143057.72
TXN1898,2022-09-16,2022,9,Q3,North,Zone A,Retail Pharmacy,Neurology,Levetiracetam 250mg,70,609.22,425.65,42645.4,12849.9
TXN1899,2023-02-14,2023,2,Q1,North,Zone A,Hospital,Neurology,Pregabalin 75mg,200,329.23,156.84,65846.0,34478.0
TXN1900,2022-05-17,2022,5,Q2,North,Zone A,Hospital,Oncology,Imatinib 100mg,491,276.97,149.01,135992.27,62828.36
TXN1901,2023-03-02,2023,3,Q1,East,Zone C,Distributor,Diabetes,Glipizide 5mg,445,178.11,81.81,79258.95,42853.5
TXN1902,2023-07-17,2023,7,Q3,East,Zone C,Retail Pharmacy,Respiratory,Salbutamol Inhaler,271,777.59,316.16,210726.89,125047.53
TXN1903,2023-11-06,2023,11,Q4,South,Zone B,Retail Pharmacy,Oncology,Capecitabine 500mg,387,119.39,51.37,46203.93,26323.74
TXN1904,2023-08-11,2023,8,Q3,West,Zone D,Distributor,Oncology,Capecitabine 500mg,370,740.47,316.99,273973.9,156687.6
TXN1905,2022-06-27,2022,6,Q2,East,Zone C,Retail Pharmacy,Respiratory,Montelukast 10mg,283,117.81,80.62,33340.23,10524.77
TXN1906,2023-05-17,2023,5,Q2,South,Zone B,Retail Pharmacy,Diabetes,Glipizide 5mg,437,313.03,197.79,136794.11,50359.88
TXN1907,2022-02-07,2022,2,Q1,South,Zone B,Distributor,Diabetes,Metformin 500mg,56,580.42,265.32,32503.52,17645.6
TXN1908,2023-04-05,2023,4,Q2,South,Zone B,Distributor,Respiratory,Montelukast 10mg,413,342.68,196.55,141526.84,60351.69
TXN1909,2023-03-23,2023,3,Q1,West,Zone D,Distributor,Diabetes,Glipizide 5mg,289,315.62,165.97,91214.18,43248.85
TXN1910,2023-02-19,2023,2,Q1,East,Zone C,Retail Pharmacy,Respiratory,Salbutamol Inhaler,411,596.91,328.35,245330.01,110378.16
TXN1911,2022-04-23,2022,4,Q2,North,Zone A,Distributor,Respiratory,Montelukast 10mg,127,114.6,61.79,14554.2,6706.87
TXN1912,2023-04-15,2023,4,Q2,West,Zone D,Retail Pharmacy,Oncology,Capecitabine 500mg,196,514.69,308.32,100879.24,40448.52
TXN1913,2023-06-16,2023,6,Q2,North,Zone A,Retail Pharmacy,Diabetes,Sitagliptin 50mg,308,192.93,103.91,59422.44,27418.16
TXN1914,2023-12-15,2023,12,Q4,West,Zone D,Retail Pharmacy,Oncology,Imatinib 100mg,270,755.66,454.35,204028.2,81353.7
TXN1915,2023-12-01,2023,12,Q4,North,Zone A,Distributor,Cardiovascular,Atorvastatin 10mg,232,631.31,370.31,146463.92,60552.0
TXN1916,2023-03-08,2023,3,Q1,South,Zone B,Hospital,Neurology,Levetiracetam 250mg,204,96.83,49.89,19753.32,9575.76
TXN1917,2023-09-15,2023,9,Q3,North,Zone A,Hospital,Cardiovascular,Atorvastatin 10mg,425,608.45,419.42,258591.25,80337.75
TXN1918,2022-03-02,2022,3,Q1,South,Zone B,Retail Pharmacy,Neurology,Pregabalin 75mg,301,554.04,338.32,166766.04,64931.72
TXN1919,2023-07-08,2023,7,Q3,South,Zone B,Retail Pharmacy,Oncology,Capecitabine 500mg,284,523.39,235.05,148642.76,81888.56
TXN1920,2023-02-01,2023,2,Q1,North,Zone A,Distributor,Oncology,Capecitabine 500mg,401,500.82,327.83,200828.82,69368.99
TXN1921,2023-09-21,2023,9,Q3,South,Zone B,Retail Pharmacy,Neurology,Pregabalin 75mg,338,750.06,462.83,253520.28,97083.74
TXN1922,2023-08-25,2023,8,Q3,North,Zone A,Distributor,Respiratory,Montelukast 10mg,164,432.13,243.6,70869.32,30918.92
TXN1923,2022-09-17,2022,9,Q3,South,Zone B,Hospital,Diabetes,Metformin 500mg,244,561.95,371.7,137115.8,46421.0
TXN1924,2023-04-24,2023,4,Q2,North,Zone A,Hospital,Oncology,Capecitabine 500mg,88,366.13,156.82,32219.44,18419.28
TXN1925,2023-12-11,2023,12,Q4,West,Zone D,Distributor,Neurology,Levetiracetam 250mg,340,533.93,317.84,181536.2,73470.6
TXN1926,2022-06-27,2022,6,Q2,West,Zone D,Distributor,Neurology,Pregabalin 75mg,380,573.4,275.5,217892.0,113202.0
TXN1927,2022-10-09,2022,10,Q4,West,Zone D,Retail Pharmacy,Oncology,Imatinib 100mg,111,776.31,436.41,86170.41,37728.9
TXN1928,2022-04-13,2022,4,Q2,North,Zone A,Distributor,Respiratory,Salbutamol Inhaler,394,399.29,188.49,157320.26,83055.2
TXN1929,2022-08-09,2022,8,Q3,North,Zone A,Distributor,Diabetes,Sitagliptin 50mg,82,672.65,403.05,55157.3,22107.2
TXN1930,2022-07-26,2022,7,Q3,West,Zone D,Distributor,Oncology,Imatinib 100mg,134,486.09,332.65,65136.06,20560.96
TXN1931,2023-11-07,2023,11,Q4,South,Zone B,Retail Pharmacy,Respiratory,Salbutamol Inhaler,394,534.2,356.64,210474.8,69958.64
TXN1932,2022-07-08,2022,7,Q3,West,Zone D,Hospital,Oncology,Capecitabine 500mg,86,674.89,356.37,58040.54,27392.72
TXN1933,2023-01-27,2023,1,Q1,West,Zone D,Distributor,Oncology,Imatinib 100mg,347,382.21,217.26,132626.87,57237.65
TXN1934,2022-11-17,2022,11,Q4,West,Zone D,Distributor,Diabetes,Metformin 500mg,303,202.63,134.14,61396.89,20752.47
TXN1935,2022-04-23,2022,4,Q2,West,Zone D,Hospital,Respiratory,Salbutamol Inhaler,139,206.21,95.18,28663.19,15433.17
TXN1936,2023-12-06,2023,12,Q4,East,Zone C,Retail Pharmacy,Cardiovascular,Telmisartan 40mg,145,736.56,462.99,106801.2,39667.65
TXN1937,2022-02-05,2022,2,Q1,West,Zone D,Retail Pharmacy,Oncology,Capecitabine 500mg,279,490.06,211.15,136726.74,77815.89
TXN1938,2023-04-25,2023,4,Q2,West,Zone D,Hospital,Cardiovascular,Atorvastatin 10mg,135,601.07,285.89,81144.45,42549.3
TXN1939,2022-07-22,2022,7,Q3,West,Zone D,Retail Pharmacy,Oncology,Capecitabine 500mg,186,765.82,507.16,142442.52,48110.76
TXN1940,2022-07-08,2022,7,Q3,South,Zone B,Hospital,Oncology,Capecitabine 500mg,342,454.4,313.83,155404.8,48074.94
TXN1941,2023-02-23,2023,2,Q1,East,Zone C,Retail Pharmacy,Oncology,Capecitabine 500mg,291,797.64,422.03,232113.24,109302.51
TXN1942,2022-11-12,2022,11,Q4,West,Zone D,Retail Pharmacy,Cardiovascular,Amlodipine 5mg,471,563.9,391.67,265596.9,81120.33
TXN1943,2022-04-27,2022,4,Q2,North,Zone A,Hospital,Oncology,Capecitabine 500mg,451,688.98,349.3,310729.98,153195.68
TXN1944,2023-06-04,2023,6,Q2,West,Zone D,Hospital,Diabetes,Sitagliptin 50mg,428,460.3,273.87,197008.4,79792.04
TXN1945,2023-03-19,2023,3,Q1,North,Zone A,Distributor,Neurology,Levetiracetam 250mg,372,411.87,241.67,153215.64,63314.4
TXN1946,2022-01-14,2022,1,Q1,South,Zone B,Distributor,Diabetes,Sitagliptin 50mg,418,502.84,246.23,210187.12,107262.98
TXN1947,2022-04-10,2022,4,Q2,North,Zone A,Hospital,Cardiovascular,Amlodipine 5mg,73,358.5,159.02,26170.5,14562.04
TXN1948,2023-08-04,2023,8,Q3,North,Zone A,Hospital,Cardiovascular,Telmisartan 40mg,60,76.97,45.99,4618.2,1858.8
TXN1949,2022-07-07,2022,7,Q3,North,Zone A,Distributor,Oncology,Capecitabine 500mg,393,637.14,416.47,250396.02,86723.31
TXN1950,2023-02-07,2023,2,Q1,East,Zone C,Distributor,Respiratory,Montelukast 10mg,408,785.57,350.92,320512.56,177337.2
TXN1951,2023-07-19,2023,7,Q3,North,Zone A,Distributor,Diabetes,Metformin 500mg,126,730.81,452.32,92082.06,35089.74
TXN1952,2023-09-07,2023,9,Q3,South,Zone B,Hospital,Respiratory,Salbutamol Inhaler,252,744.64,299.89,187649.28,112077.0
TXN1953,2022-11-06,2022,11,Q4,East,Zone C,Hospital,Oncology,Capecitabine 500mg,408,585.92,343.95,239055.36,98723.76
TXN1954,2023-07-06,2023,7,Q3,North,Zone A,Retail Pharmacy,Respiratory,Salbutamol Inhaler,202,572.27,344.27,115598.54,46056.0
TXN1955,2022-01-03,2022,1,Q1,South,Zone B,Retail Pharmacy,Neurology,Levetiracetam 250mg,382,412.79,201.6,157685.78,80674.58
TXN1956,2022-04-25,2022,4,Q2,North,Zone A,Retail Pharmacy,Oncology,Imatinib 100mg,459,230.11,114.38,105620.49,53120.07
TXN1957,2023-06-25,2023,6,Q2,East,Zone C,Retail Pharmacy,Respiratory,Montelukast 10mg,198,470.09,242.54,93077.82,45054.9
TXN1958,2023-08-14,2023,8,Q3,East,Zone C,Hospital,Neurology,Levetiracetam 250mg,277,527.62,365.34,146150.74,44951.56
TXN1959,2022-01-18,2022,1,Q1,West,Zone D,Retail Pharmacy,Oncology,Imatinib 100mg,115,604.67,257.58,69537.05,39915.35
TXN1960,2022-01-14,2022,1,Q1,South,Zone B,Distributor,Cardiovascular,Telmisartan 40mg,438,193.3,123.16,84665.4,30721.32
TXN1961,2022-03-12,2022,3,Q1,East,Zone C,Hospital,Oncology,Imatinib 100mg,97,731.8,299.11,70984.6,41970.93
TXN1962,2022-09-25,2022,9,Q3,East,Zone C,Retail Pharmacy,Cardiovascular,Amlodipine 5mg,392,324.52,208.38,127211.84,45526.88
TXN1963,2023-06-23,2023,6,Q2,South,Zone B,Distributor,Diabetes,Sitagliptin 50mg,405,752.43,370.58,304734.15,154649.25
TXN1964,2022-06-24,2022,6,Q2,South,Zone B,Hospital,Cardiovascular,Amlodipine 5mg,370,126.39,78.18,46764.3,17837.7
TXN1965,2023-06-01,2023,6,Q2,North,Zone A,Retail Pharmacy,Diabetes,Sitagliptin 50mg,302,538.9,341.58,162747.8,59590.64
TXN1966,2022-12-04,2022,12,Q4,West,Zone D,Distributor,Diabetes,Glipizide 5mg,219,607.47,322.83,133035.93,62336.16
TXN1967,2022-10-23,2022,10,Q4,North,Zone A,Hospital,Respiratory,Montelukast 10mg,233,303.5,203.97,70715.5,23190.49
TXN1968,2023-03-11,2023,3,Q1,North,Zone A,Distributor,Diabetes,Glipizide 5mg,348,420.95,281.37,146490.6,48573.84
TXN1969,2023-06-15,2023,6,Q2,North,Zone A,Retail Pharmacy,Neurology,Pregabalin 75mg,352,719.18,380.65,253151.36,119162.56
TXN1970,2023-02-07,2023,2,Q1,South,Zone B,Retail Pharmacy,Neurology,Levetiracetam 250mg,409,489.17,272.15,200070.53,88761.18
TXN1971,2022-01-21,2022,1,Q1,South,Zone B,Hospital,Diabetes,Metformin 500mg,339,319.25,205.12,108225.75,38690.07
TXN1972,2023-12-01,2023,12,Q4,East,Zone C,Retail Pharmacy,Respiratory,Montelukast 10mg,327,345.91,220.62,113112.57,40969.83
TXN1973,2023-12-13,2023,12,Q4,West,Zone D,Retail Pharmacy,Respiratory,Salbutamol Inhaler,400,478.5,278.6,191400.0,79960.0
TXN1974,2023-01-05,2023,1,Q1,South,Zone B,Hospital,Diabetes,Glipizide 5mg,124,698.3,344.13,86589.2,43917.08
TXN1975,2022-03-15,2022,3,Q1,South,Zone B,Retail Pharmacy,Diabetes,Metformin 500mg,187,642.6,299.02,120166.2,64249.46
TXN1976,2022-01-17,2022,1,Q1,South,Zone B,Retail Pharmacy,Diabetes,Glipizide 5mg,105,507.53,261.25,53290.65,25859.4
TXN1977,2022-06-20,2022,6,Q2,West,Zone D,Hospital,Neurology,Levetiracetam 250mg,339,688.45,440.29,233384.55,84126.24
TXN1978,2023-04-12,2023,4,Q2,East,Zone C,Retail Pharmacy,Neurology,Pregabalin 75mg,442,224.06,137.27,99034.52,38361.18
TXN1979,2022-07-19,2022,7,Q3,East,Zone C,Retail Pharmacy,Cardiovascular,Atorvastatin 10mg,321,629.2,265.94,201973.2,116606.46
TXN1980,2023-10-01,2023,10,Q4,North,Zone A,Retail Pharmacy,Respiratory,Salbutamol Inhaler,263,303.02,129.36,79694.26,45672.58
TXN1981,2023-11-04,2023,11,Q4,South,Zone B,Hospital,Neurology,Pregabalin 75mg,251,308.45,138.28,77420.95,42712.67
TXN1982,2022-11-19,2022,11,Q4,North,Zone A,Hospital,Respiratory,Montelukast 10mg,393,753.84,340.23,296259.12,162548.73
TXN1983,2022-10-15,2022,10,Q4,West,Zone D,Distributor,Oncology,Imatinib 100mg,370,711.65,377.29,263310.5,123713.2
TXN1984,2022-10-24,2022,10,Q4,East,Zone C,Distributor,Cardiovascular,Amlodipine 5mg,455,438.74,252.8,199626.7,84602.7
TXN1985,2022-06-17,2022,6,Q2,West,Zone D,Hospital,Cardiovascular,Telmisartan 40mg,424,736.38,397.32,312225.12,143761.44
TXN1986,2022-02-04,2022,2,Q1,East,Zone C,Hospital,Neurology,Pregabalin 75mg,218,458.02,260.13,99848.36,43140.02
TXN1987,2023-04-19,2023,4,Q2,East,Zone C,Retail Pharmacy,Diabetes,Metformin 500mg,495,87.4,50.78,43263.0,18126.9
TXN1988,2022-02-07,2022,2,Q1,South,Zone B,Hospital,Respiratory,Salbutamol Inhaler,59,91.06,46.12,5372.54,2651.46
TXN1989,2022-04-14,2022,4,Q2,North,Zone A,Hospital,Neurology,Pregabalin 75mg,187,633.75,432.45,118511.25,37643.1
TXN1990,2023-04-15,2023,4,Q2,South,Zone B,Hospital,Respiratory,Montelukast 10mg,114,129.91,78.79,14809.74,5827.68
TXN1991,2022-01-10,2022,1,Q1,West,Zone D,Distributor,Respiratory,Salbutamol Inhaler,403,92.82,40.21,37406.46,21201.83
TXN1992,2022-01-18,2022,1,Q1,North,Zone A,Hospital,Oncology,Capecitabine 500mg,59,668.2,380.51,39423.8,16973.71
TXN1993,2023-09-22,2023,9,Q3,South,Zone B,Retail Pharmacy,Cardiovascular,Telmisartan 40mg,179,148.16,69.73,26520.64,14038.97
TXN1994,2023-07-06,2023,7,Q3,North,Zone A,Retail Pharmacy,Oncology,Imatinib 100mg,339,781.43,538.98,264904.77,82190.55
TXN1995,2023-12-13,2023,12,Q4,South,Zone B,Distributor,Diabetes,Glipizide 5mg,50,353.75,240.36,17687.5,5669.5
TXN1996,2023-05-11,2023,5,Q2,North,Zone A,Hospital,Neurology,Pregabalin 75mg,163,342.72,148.0,55863.36,31739.36
TXN1997,2022-02-09,2022,2,Q1,East,Zone C,Retail Pharmacy,Neurology,Pregabalin 75mg,362,589.4,367.53,213362.8,80316.94
TXN1998,2023-06-07,2023,6,Q2,East,Zone C,Hospital,Diabetes,Sitagliptin 50mg,383,691.31,366.1,264771.73,124555.43
TXN1999,2022-06-25,2022,6,Q2,East,Zone C,Distributor,Respiratory,Salbutamol Inhaler,368,431.13,267.58,158655.84,60186.4
TXN2000,2022-03-23,2022,3,Q1,West,Zone D,Distributor,Diabetes,Glipizide 5mg,208,108.28,60.61,22522.24,9915.36
TXN2001,2023-09-21,2023,9,Q3,North,Zone A,Retail Pharmacy,Cardiovascular,Atorvastatin 10mg,205,247.98,131.0,50835.9,23980.9
TXN2002,2023-02-05,2023,2,Q1,South,Zone B,Hospital,Oncology,Imatinib 100mg,279,193.33,121.92,53939.07,19923.39
TXN2003,2022-04-14,2022,4,Q2,North,Zone A,Retail Pharmacy,Cardiovascular,Atorvastatin 10mg,404,690.84,277.35,279099.36,167049.96
TXN2004,2023-03-18,2023,3,Q1,West,Zone D,Distributor,Respiratory,Salbutamol Inhaler,499,544.52,301.23,271715.48,121401.71
TXN2005,2023-10-25,2023,10,Q4,South,Zone B,Distributor,Diabetes,Metformin 500mg,153,52.74,26.16,8069.22,4066.74
TXN2006,2023-08-22,2023,8,Q3,North,Zone A,Hospital,Oncology,Capecitabine 500mg,272,622.14,391.69,169222.08,62682.4
TXN2007,2022-09-11,2022,9,Q3,West,Zone D,Distributor,Cardiovascular,Atorvastatin 10mg,239,727.5,306.21,173872.5,100688.31
TXN2008,2023-04-12,2023,4,Q2,North,Zone A,Distributor,Oncology,Capecitabine 500mg,204,448.4,192.66,91473.6,52170.96
TXN2009,2023-04-12,2023,4,Q2,North,Zone A,Hospital,Neurology,Pregabalin 75mg,188,79.67,41.5,14977.96,7175.96
TXN2010,2023-07-13,2023,7,Q3,North,Zone A,Hospital,Diabetes,Glipizide 5mg,363,146.57,100.3,53204.91,16796.01
TXN2011,2023-10-01,2023,10,Q4,South,Zone B,Retail Pharmacy,Neurology,Levetiracetam 250mg,431,282.53,181.83,121770.43,43401.7
TXN2012,2023-01-27,2023,1,Q1,North,Zone A,Distributor,Neurology,Levetiracetam 250mg,450,711.68,316.06,320256.0,178029.0
TXN2013,2023-11-20,2023,11,Q4,West,Zone D,Retail Pharmacy,Diabetes,Metformin 500mg,313,119.83,64.76,37506.79,17236.91
TXN2014,2022-11-27,2022,11,Q4,West,Zone D,Distributor,Oncology,Imatinib 100mg,98,448.5,233.18,43953.0,21101.36
TXN2015,2022-01-20,2022,1,Q1,South,Zone B,Retail Pharmacy,Neurology,Pregabalin 75mg,350,545.35,295.17,190872.5,87563.0
TXN2016,2023-11-22,2023,11,Q4,South,Zone B,Hospital,Cardiovascular,Atorvastatin 10mg,206,611.5,396.48,125969.0,44294.12
TXN2017,2023-01-25,2023,1,Q1,East,Zone C,Distributor,Diabetes,Glipizide 5mg,377,314.52,156.54,118574.04,59558.46
TXN2018,2023-06-01,2023,6,Q2,North,Zone A,Retail Pharmacy,Respiratory,Salbutamol Inhaler,225,690.96,442.67,155466.0,55865.25
TXN2019,2022-09-15,2022,9,Q3,East,Zone C,Hospital,Neurology,Pregabalin 75mg,387,733.68,369.54,283934.16,140922.18
TXN2020,2022-01-15,2022,1,Q1,East,Zone C,Distributor,Cardiovascular,Telmisartan 40mg,182,625.08,315.79,113764.56,56290.78
TXN2021,2023-04-07,2023,4,Q2,East,Zone C,Retail Pharmacy,Respiratory,Salbutamol Inhaler,470,237.86,152.65,111794.2,40048.7
TXN2022,2023-09-20,2023,9,Q3,South,Zone B,Hospital,Oncology,Imatinib 100mg,62,108.9,55.2,6751.8,3329.4
TXN2023,2023-03-15,2023,3,Q1,South,Zone B,Distributor,Neurology,Levetiracetam 250mg,442,575.34,299.49,254300.28,121925.7
TXN2024,2023-04-20,2023,4,Q2,West,Zone D,Retail Pharmacy,Neurology,Levetiracetam 250mg,292,550.03,266.92,160608.76,82668.12
TXN2025,2022-12-05,2022,12,Q4,North,Zone A,Distributor,Respiratory,Montelukast 10mg,239,248.73,132.97,59446.47,27666.64
TXN2026,2022-11-25,2022,11,Q4,West,Zone D,Distributor,Cardiovascular,Amlodipine 5mg,369,63.49,43.16,23427.81,7501.77
TXN2027,2022-01-09,2022,1,Q1,West,Zone D,Distributor,Cardiovascular,Atorvastatin 10mg,330,385.68,250.24,127274.4,44695.2
TXN2028,2023-02-01,2023,2,Q1,East,Zone C,Retail Pharmacy,Cardiovascular,Atorvastatin 10mg,193,651.99,309.1,125834.07,66177.77
TXN2029,2023-12-15,2023,12,Q4,South,Zone B,Distributor,Cardiovascular,Telmisartan 40mg,319,525.35,281.07,167586.65,77925.32
TXN2030,2022-10-23,2022,10,Q4,West,Zone D,Retail Pharmacy,Diabetes,Glipizide 5mg,404,441.31,178.3,178289.24,106256.04
TXN2031,2022-01-17,2022,1,Q1,East,Zone C,Retail Pharmacy,Respiratory,Montelukast 10mg,373,480.48,284.07,179219.04,73260.93
TXN2032,2022-12-24,2022,12,Q4,North,Zone A,Distributor,Neurology,Levetiracetam 250mg,243,536.08,217.38,130267.44,77444.1
TXN2033,2022-12-17,2022,12,Q4,East,Zone C,Distributor,Diabetes,Metformin 500mg,122,742.42,450.49,90575.24,35615.46
TXN2034,2022-02-08,2022,2,Q1,West,Zone D,Hospital,Diabetes,Sitagliptin 50mg,480,227.47,151.71,109185.6,36364.8
TXN2035,2023-06-09,2023,6,Q2,South,Zone B,Retail Pharmacy,Neurology,Levetiracetam 250mg,325,284.56,155.32,92482.0,42003.0
TXN2036,2023-05-21,2023,5,Q2,South,Zone B,Hospital,Respiratory,Salbutamol Inhaler,168,128.82,78.13,21641.76,8515.92
TXN2037,2022-09-13,2022,9,Q3,West,Zone D,Hospital,Neurology,Pregabalin 75mg,280,569.43,325.47,159440.4,68308.8
TXN2038,2023-03-22,2023,3,Q1,West,Zone D,Hospital,Neurology,Pregabalin 75mg,491,111.82,70.41,54903.62,20332.31
TXN2039,2023-07-07,2023,7,Q3,North,Zone A,Distributor,Diabetes,Sitagliptin 50mg,291,395.65,237.94,115134.15,45893.61
TXN2040,2022-09-03,2022,9,Q3,West,Zone D,Distributor,Diabetes,Sitagliptin 50mg,336,551.79,241.62,185401.44,104217.12
TXN2041,2022-04-24,2022,4,Q2,North,Zone A,Retail Pharmacy,Respiratory,Montelukast 10mg,339,750.19,462.11,254314.41,97659.12
TXN2042,2022-04-22,2022,4,Q2,South,Zone B,Retail Pharmacy,Respiratory,Salbutamol Inhaler,132,127.97,88.13,16892.04,5258.88
TXN2043,2023-06-06,2023,6,Q2,West,Zone D,Retail Pharmacy,Oncology,Imatinib 100mg,293,265.79,165.09,77876.47,29505.1
TXN2044,2022-03-27,2022,3,Q1,South,Zone B,Retail Pharmacy,Neurology,Levetiracetam 250mg,122,508.27,298.49,62008.94,25593.16
TXN2045,2023-11-26,2023,11,Q4,South,Zone B,Distributor,Neurology,Pregabalin 75mg,125,309.7,198.93,38712.5,13846.25
TXN2046,2023-08-17,2023,8,Q3,West,Zone D,Hospital,Diabetes,Metformin 500mg,131,207.9,114.43,27234.9,12244.57
TXN2047,2023-10-25,2023,10,Q4,North,Zone A,Hospital,Oncology,Imatinib 100mg,458,741.67,428.52,339684.86,143422.7
TXN2048,2022-09-07,2022,9,Q3,North,Zone A,Distributor,Diabetes,Sitagliptin 50mg,195,428.7,194.17,83596.5,45733.35
TXN2049,2022-03-24,2022,3,Q1,East,Zone C,Distributor,Neurology,Levetiracetam 250mg,320,749.33,512.69,239785.6,75724.8
TXN2050,2023-01-07,2023,1,Q1,South,Zone B,Distributor,Diabetes,Glipizide 5mg,218,270.01,147.75,58862.18,26652.68
TXN2051,2022-08-06,2022,8,Q3,East,Zone C,Hospital,Neurology,Pregabalin 75mg,72,250.41,138.41,18029.52,8064.0
TXN2052,2022-09-25,2022,9,Q3,West,Zone D,Distributor,Oncology,Imatinib 100mg,322,753.28,507.47,242556.16,79150.82
TXN2053,2023-10-10,2023,10,Q4,South,Zone B,Hospital,Respiratory,Salbutamol Inhaler,391,241.39,158.72,94383.49,32323.97
TXN2054,2023-01-27,2023,1,Q1,South,Zone B,Distributor,Diabetes,Sitagliptin 50mg,398,623.48,302.64,248145.04,127694.32
TXN2055,2022-06-02,2022,6,Q2,West,Zone D,Retail Pharmacy,Neurology,Levetiracetam 250mg,488,173.43,108.59,84633.84,31641.92
TXN2056,2023-11-15,2023,11,Q4,West,Zone D,Retail Pharmacy,Neurology,Pregabalin 75mg,214,85.3,51.23,18254.2,7290.98
TXN2057,2022-01-10,2022,1,Q1,North,Zone A,Distributor,Neurology,Levetiracetam 250mg,284,248.96,167.1,70704.64,23248.24
TXN2058,2023-05-01,2023,5,Q2,South,Zone B,Retail Pharmacy,Cardiovascular,Telmisartan 40mg,190,639.25,318.18,121457.5,61003.3
TXN2059,2023-06-14,2023,6,Q2,South,Zone B,Distributor,Respiratory,Montelukast 10mg,342,193.62,99.88,66218.04,32059.08
TXN2060,2023-02-18,2023,2,Q1,South,Zone B,Hospital,Respiratory,Montelukast 10mg,113,67.57,35.75,7635.41,3595.66
TXN2061,2022-01-26,2022,1,Q1,South,Zone B,Hospital,Respiratory,Montelukast 10mg,114,504.51,288.12,57514.14,24668.46
TXN2062,2022-09-17,2022,9,Q3,East,Zone C,Distributor,Neurology,Levetiracetam 250mg,207,692.46,469.7,143339.22,46111.32
TXN2063,2023-06-10,2023,6,Q2,West,Zone D,Retail Pharmacy,Cardiovascular,Amlodipine 5mg,138,98.19,58.21,13550.22,5517.24
TXN2064,2023-11-17,2023,11,Q4,East,Zone C,Retail Pharmacy,Cardiovascular,Telmisartan 40mg,462,774.67,496.17,357897.54,128667.0
TXN2065,2022-12-25,2022,12,Q4,West,Zone D,Retail Pharmacy,Respiratory,Salbutamol Inhaler,493,735.3,477.87,362502.9,126912.99
TXN2066,2022-10-20,2022,10,Q4,West,Zone D,Retail Pharmacy,Cardiovascular,Atorvastatin 10mg,320,628.02,300.95,200966.4,104662.4
TXN2067,2023-02-12,2023,2,Q1,West,Zone D,Hospital,Respiratory,Montelukast 10mg,114,290.55,191.85,33122.7,11251.8
TXN2068,2022-03-27,2022,3,Q1,South,Zone B,Retail Pharmacy,Cardiovascular,Amlodipine 5mg,76,607.12,363.35,46141.12,18526.52
TXN2069,2022-03-16,2022,3,Q1,East,Zone C,Distributor,Cardiovascular,Telmisartan 40mg,230,110.53,77.13,25421.9,7682.0
TXN2070,2022-09-22,2022,9,Q3,West,Zone D,Retail Pharmacy,Oncology,Capecitabine 500mg,208,156.99,86.77,32653.92,14605.76
TXN2071,2022-03-16,2022,3,Q1,East,Zone C,Distributor,Cardiovascular,Amlodipine 5mg,410,514.68,310.18,211018.8,83845.0
TXN2072,2022-03-25,2022,3,Q1,East,Zone C,Distributor,Respiratory,Montelukast 10mg,181,171.63,119.36,31065.03,9460.87
TXN2073,2023-06-01,2023,6,Q2,South,Zone B,Distributor,Cardiovascular,Amlodipine 5mg,424,706.52,431.93,299564.48,116426.16
TXN2074,2023-06-16,2023,6,Q2,North,Zone A,Distributor,Diabetes,Metformin 500mg,134,419.94,240.94,56271.96,23986.0
TXN2075,2023-10-03,2023,10,Q4,South,Zone B,Retail Pharmacy,Diabetes,Sitagliptin 50mg,254,140.72,59.61,35742.88,20601.94
TXN2076,2022-09-23,2022,9,Q3,West,Zone D,Retail Pharmacy,Respiratory,Salbutamol Inhaler,103,181.09,126.06,18652.27,5668.09
TXN2077,2022-01-07,2022,1,Q1,South,Zone B,Distributor,Diabetes,Sitagliptin 50mg,129,68.15,34.39,8791.35,4355.04
TXN2078,2022-03-17,2022,3,Q1,North,Zone A,Hospital,Neurology,Levetiracetam 250mg,386,721.28,436.96,278414.08,109747.52
TXN2079,2023-07-04,2023,7,Q3,South,Zone B,Distributor,Cardiovascular,Telmisartan 40mg,103,353.39,179.9,36399.17,17869.47
TXN2080,2023-07-23,2023,7,Q3,West,Zone D,Hospital,Oncology,Capecitabine 500mg,106,497.84,262.49,52771.04,24947.1
TXN2081,2022-05-17,2022,5,Q2,West,Zone D,Retail Pharmacy,Cardiovascular,Amlodipine 5mg,101,457.55,224.85,46212.55,23502.7
TXN2082,2023-12-15,2023,12,Q4,West,Zone D,Hospital,Respiratory,Montelukast 10mg,486,161.36,91.38,78420.96,34010.28
TXN2083,2022-10-21,2022,10,Q4,West,Zone D,Retail Pharmacy,Oncology,Capecitabine 500mg,233,577.24,268.32,134496.92,71978.36
TXN2084,2022-03-01,2022,3,Q1,East,Zone C,Hospital,Oncology,Capecitabine 500mg,116,208.03,97.41,24131.48,12831.92
TXN2085,2023-01-16,2023,1,Q1,North,Zone A,Distributor,Diabetes,Glipizide 5mg,319,615.21,422.46,196251.99,61487.25
TXN2086,2022-04-26,2022,4,Q2,East,Zone C,Hospital,Respiratory,Salbutamol Inhaler,326,675.18,309.59,220108.68,119182.34
TXN2087,2023-11-01,2023,11,Q4,South,Zone B,Hospital,Oncology,Capecitabine 500mg,78,799.18,465.39,62336.04,26035.62
TXN2088,2022-06-12,2022,6,Q2,South,Zone B,Hospital,Oncology,Capecitabine 500mg,383,508.22,209.41,194648.26,114444.23
TXN2089,2022-06-06,2022,6,Q2,North,Zone A,Distributor,Cardiovascular,Telmisartan 40mg,472,300.61,194.01,141887.92,50315.2
TXN2090,2022-04-13,2022,4,Q2,West,Zone D,Distributor,Cardiovascular,Atorvastatin 10mg,187,155.12,87.37,29007.44,12669.25
TXN2091,2022-12-02,2022,12,Q4,East,Zone C,Hospital,Diabetes,Glipizide 5mg,136,587.34,278.92,79878.24,41945.12
TXN2092,2022-12-23,2022,12,Q4,West,Zone D,Retail Pharmacy,Respiratory,Montelukast 10mg,376,132.02,68.54,49639.52,23868.48
TXN2093,2022-01-20,2022,1,Q1,West,Zone D,Retail Pharmacy,Diabetes,Metformin 500mg,162,209.64,125.92,33961.68,13562.64
TXN2094,2022-06-22,2022,6,Q2,North,Zone A,Retail Pharmacy,Cardiovascular,Amlodipine 5mg,171,759.78,398.5,129922.38,61778.88
TXN2095,2022-07-20,2022,7,Q3,North,Zone A,Retail Pharmacy,Cardiovascular,Amlodipine 5mg,297,134.64,78.47,39988.08,16682.49
TXN2096,2022-03-16,2022,3,Q1,West,Zone D,Retail Pharmacy,Cardiovascular,Atorvastatin 10mg,164,590.87,352.95,96902.68,39018.88
TXN2097,2023-01-07,2023,1,Q1,South,Zone B,Distributor,Respiratory,Salbutamol Inhaler,291,460.71,272.81,134066.61,54678.9
TXN2098,2022-06-21,2022,6,Q2,North,Zone A,Distributor,Oncology,Imatinib 100mg,252,392.12,214.77,98814.24,44692.2
TXN2099,2023-05-19,2023,5,Q2,West,Zone D,Retail Pharmacy,Neurology,Pregabalin 75mg,58,269.31,178.41,15619.98,5272.2
TXN2100,2023-06-20,2023,6,Q2,West,Zone D,Distributor,Diabetes,Metformin 500mg,66,634.65,301.95,41886.9,21958.2
TXN2101,2023-08-05,2023,8,Q3,East,Zone C,Hospital,Oncology,Capecitabine 500mg,277,691.69,386.8,191598.13,84454.53
TXN2102,2022-04-14,2022,4,Q2,North,Zone A,Distributor,Cardiovascular,Telmisartan 40mg,391,480.22,310.44,187766.02,66383.98
TXN2103,2022-12-06,2022,12,Q4,North,Zone A,Retail Pharmacy,Cardiovascular,Telmisartan 40mg,60,739.9,308.2,44394.0,25902.0
TXN2104,2023-08-04,2023,8,Q3,South,Zone B,Distributor,Oncology,Capecitabine 500mg,319,580.04,283.88,185032.76,94475.04
TXN2105,2023-11-22,2023,11,Q4,West,Zone D,Hospital,Respiratory,Salbutamol Inhaler,485,600.7,307.16,291339.5,142366.9
TXN2106,2022-12-27,2022,12,Q4,North,Zone A,Hospital,Cardiovascular,Telmisartan 40mg,350,363.09,224.83,127081.5,48391.0
TXN2107,2022-07-18,2022,7,Q3,North,Zone A,Hospital,Neurology,Pregabalin 75mg,54,593.68,396.83,32058.72,10629.9
TXN2108,2022-10-19,2022,10,Q4,East,Zone C,Retail Pharmacy,Respiratory,Montelukast 10mg,74,601.14,295.38,44484.36,22626.24
TXN2109,2022-02-16,2022,2,Q1,South,Zone B,Distributor,Respiratory,Salbutamol Inhaler,430,552.69,252.23,237656.7,129197.8
TXN2110,2023-11-06,2023,11,Q4,South,Zone B,Retail Pharmacy,Cardiovascular,Telmisartan 40mg,486,184.13,123.47,89487.18,29480.76
TXN2111,2023-12-13,2023,12,Q4,East,Zone C,Hospital,Neurology,Levetiracetam 250mg,194,744.71,512.72,144473.74,45006.06
TXN2112,2022-01-09,2022,1,Q1,West,Zone D,Hospital,Cardiovascular,Telmisartan 40mg,426,560.79,287.05,238896.54,116613.24
TXN2113,2022-11-14,2022,11,Q4,South,Zone B,Distributor,Diabetes,Metformin 500mg,149,80.71,45.05,12025.79,5313.34
TXN2114,2022-02-10,2022,2,Q1,North,Zone A,Hospital,Oncology,Imatinib 100mg,286,146.56,83.11,41916.16,18146.7
TXN2115,2022-05-22,2022,5,Q2,North,Zone A,Hospital,Cardiovascular,Atorvastatin 10mg,366,616.97,365.28,225811.02,92118.54
TXN2116,2023-08-13,2023,8,Q3,North,Zone A,Distributor,Neurology,Pregabalin 75mg,227,160.59,67.76,36453.93,21072.41
TXN2117,2022-09-05,2022,9,Q3,North,Zone A,Hospital,Cardiovascular,Amlodipine 5mg,428,687.45,424.75,294228.6,112435.6
TXN2118,2022-03-05,2022,3,Q1,North,Zone A,Distributor,Cardiovascular,Atorvastatin 10mg,257,594.87,387.1,152881.59,53396.89
TXN2119,2022-08-10,2022,8,Q3,North,Zone A,Distributor,Respiratory,Montelukast 10mg,476,789.75,437.35,375921.0,167742.4
TXN2120,2022-01-15,2022,1,Q1,North,Zone A,Distributor,Respiratory,Salbutamol Inhaler,180,179.33,102.92,32279.4,13753.8
TXN2121,2022-01-10,2022,1,Q1,North,Zone A,Hospital,Diabetes,Sitagliptin 50mg,365,279.68,182.17,102083.2,35591.15
TXN2122,2023-11-13,2023,11,Q4,East,Zone C,Retail Pharmacy,Oncology,Imatinib 100mg,192,145.13,78.16,27864.96,12858.24
TXN2123,2023-01-14,2023,1,Q1,West,Zone D,Distributor,Neurology,Levetiracetam 250mg,54,613.09,363.82,33106.86,13460.58
TXN2124,2023-04-13,2023,4,Q2,West,Zone D,Retail Pharmacy,Oncology,Imatinib 100mg,260,61.89,26.46,16091.4,9211.8
TXN2125,2023-10-06,2023,10,Q4,East,Zone C,Retail Pharmacy,Neurology,Pregabalin 75mg,161,91.51,40.57,14733.11,8201.34
TXN2126,2022-03-22,2022,3,Q1,South,Zone B,Hospital,Respiratory,Salbutamol Inhaler,355,355.54,161.14,126216.7,69012.0
TXN2127,2022-03-11,2022,3,Q1,South,Zone B,Hospital,Oncology,Imatinib 100mg,156,654.87,297.24,102159.72,55790.28
TXN2128,2023-05-14,2023,5,Q2,South,Zone B,Hospital,Diabetes,Sitagliptin 50mg,139,206.49,123.81,28702.11,11492.52
TXN2129,2023-03-20,2023,3,Q1,West,Zone D,Hospital,Diabetes,Sitagliptin 50mg,337,333.04,177.65,112234.48,52366.43
TXN2130,2023-09-06,2023,9,Q3,South,Zone B,Hospital,Diabetes,Metformin 500mg,125,566.09,248.21,70761.25,39735.0
TXN2131,2023-09-16,2023,9,Q3,South,Zone B,Distributor,Respiratory,Montelukast 10mg,494,502.0,285.06,247988.0,107168.36
TXN2132,2022-12-22,2022,12,Q4,West,Zone D,Distributor,Respiratory,Salbutamol Inhaler,106,786.93,439.38,83414.58,36840.3
TXN2133,2022-07-16,2022,7,Q3,East,Zone C,Hospital,Cardiovascular,Amlodipine 5mg,367,402.48,264.58,147710.16,50609.3
TXN2134,2023-03-13,2023,3,Q1,South,Zone B,Retail Pharmacy,Oncology,Imatinib 100mg,150,652.48,436.63,97872.0,32377.5
TXN2135,2023-12-19,2023,12,Q4,South,Zone B,Retail Pharmacy,Neurology,Levetiracetam 250mg,480,758.56,414.75,364108.8,165028.8
TXN2136,2022-01-04,2022,1,Q1,South,Zone B,Retail Pharmacy,Respiratory,Salbutamol Inhaler,428,461.7,215.06,197607.6,105561.92
TXN2137,2022-03-12,2022,3,Q1,East,Zone C,Distributor,Oncology,Capecitabine 500mg,333,752.64,338.2,250629.12,138008.52
TXN2138,2023-05-05,2023,5,Q2,South,Zone B,Hospital,Cardiovascular,Telmisartan 40mg,474,552.91,273.97,262079.34,132217.56
TXN2139,2023-02-07,2023,2,Q1,East,Zone C,Hospital,Neurology,Pregabalin 75mg,93,683.3,322.36,63546.9,33567.42
TXN2140,2022-09-02,2022,9,Q3,East,Zone C,Hospital,Neurology,Pregabalin 75mg,105,321.88,185.4,33797.4,14330.4
TXN2141,2022-02-22,2022,2,Q1,East,Zone C,Hospital,Respiratory,Salbutamol Inhaler,450,455.74,280.09,205083.0,79042.5
TXN2142,2022-12-20,2022,12,Q4,East,Zone C,Retail Pharmacy,Neurology,Levetiracetam 250mg,170,344.29,179.57,58529.3,28002.4
TXN2143,2023-05-22,2023,5,Q2,East,Zone C,Retail Pharmacy,Neurology,Pregabalin 75mg,240,546.41,252.57,131138.4,70521.6
TXN2144,2023-09-11,2023,9,Q3,West,Zone D,Retail Pharmacy,Cardiovascular,Atorvastatin 10mg,367,227.43,140.78,83466.81,31800.55
TXN2145,2023-03-04,2023,3,Q1,West,Zone D,Hospital,Respiratory,Montelukast 10mg,487,420.51,183.15,204788.37,115594.32
TXN2146,2022-12-10,2022,12,Q4,South,Zone B,Distributor,Diabetes,Metformin 500mg,345,434.23,191.31,149809.35,83807.4
TXN2147,2022-07-24,2022,7,Q3,North,Zone A,Hospital,Cardiovascular,Telmisartan 40mg,427,267.41,108.13,114184.07,68012.56
TXN2148,2023-10-07,2023,10,Q4,South,Zone B,Retail Pharmacy,Neurology,Pregabalin 75mg,419,309.37,156.96,129626.03,63859.79
TXN2149,2022-08-18,2022,8,Q3,West,Zone D,Retail Pharmacy,Oncology,Imatinib 100mg,52,508.15,336.08,26423.8,8947.64
TXN2150,2023-10-03,2023,10,Q4,West,Zone D,Distributor,Cardiovascular,Atorvastatin 10mg,444,120.37,66.66,53444.28,23847.24
TXN2151,2022-11-16,2022,11,Q4,North,Zone A,Hospital,Oncology,Capecitabine 500mg,195,287.45,149.49,56052.75,26902.2
TXN2152,2022-04-06,2022,4,Q2,North,Zone A,Hospital,Oncology,Imatinib 100mg,222,417.96,273.61,92787.12,32045.7
TXN2153,2022-10-13,2022,10,Q4,West,Zone D,Distributor,Respiratory,Montelukast 10mg,146,215.86,103.77,31515.56,16365.14
TXN2154,2022-08-15,2022,8,Q3,West,Zone D,Distributor,Cardiovascular,Telmisartan 40mg,385,647.05,335.45,249114.25,119966.0
TXN2155,2022-01-26,2022,1,Q1,West,Zone D,Distributor,Oncology,Imatinib 100mg,184,51.76,24.51,9523.84,5014.0
TXN2156,2023-06-20,2023,6,Q2,North,Zone A,Distributor,Oncology,Imatinib 100mg,376,584.05,264.89,219602.8,120004.16
TXN2157,2022-02-20,2022,2,Q1,East,Zone C,Retail Pharmacy,Cardiovascular,Telmisartan 40mg,204,521.41,223.43,106367.64,60787.92
TXN2158,2022-12-19,2022,12,Q4,West,Zone D,Distributor,Respiratory,Salbutamol Inhaler,425,78.01,41.62,33154.25,15465.75
TXN2159,2023-08-09,2023,8,Q3,North,Zone A,Hospital,Respiratory,Salbutamol Inhaler,200,472.44,280.79,94488.0,38330.0
TXN2160,2023-12-19,2023,12,Q4,North,Zone A,Distributor,Cardiovascular,Amlodipine 5mg,360,547.63,275.85,197146.8,97840.8
TXN2161,2022-02-26,2022,2,Q1,South,Zone B,Retail Pharmacy,Oncology,Capecitabine 500mg,144,673.68,299.85,97009.92,53831.52
TXN2162,2023-04-05,2023,4,Q2,East,Zone C,Distributor,Neurology,Levetiracetam 250mg,472,401.35,232.58,189437.2,79659.44
TXN2163,2022-10-03,2022,10,Q4,North,Zone A,Distributor,Respiratory,Montelukast 10mg,342,786.99,465.2,269150.58,110052.18
TXN2164,2022-01-13,2022,1,Q1,South,Zone B,Distributor,Oncology,Imatinib 100mg,426,358.11,145.22,152554.86,90691.14
TXN2165,2022-11-10,2022,11,Q4,South,Zone B,Hospital,Respiratory,Salbutamol Inhaler,460,214.79,114.18,98803.4,46280.6
TXN2166,2022-06-22,2022,6,Q2,East,Zone C,Hospital,Respiratory,Salbutamol Inhaler,313,678.97,404.96,212517.61,85765.13
TXN2167,2023-09-04,2023,9,Q3,West,Zone D,Distributor,Oncology,Capecitabine 500mg,243,254.87,117.97,61933.41,33266.7
TXN2168,2023-02-24,2023,2,Q1,North,Zone A,Hospital,Diabetes,Metformin 500mg,411,309.01,215.48,127003.11,38440.83
TXN2169,2023-02-14,2023,2,Q1,East,Zone C,Hospital,Neurology,Pregabalin 75mg,137,555.51,231.62,76104.87,44372.93
TXN2170,2023-06-22,2023,6,Q2,North,Zone A,Retail Pharmacy,Neurology,Levetiracetam 250mg,177,629.18,340.99,111364.86,51009.63
TXN2171,2023-07-09,2023,7,Q3,West,Zone D,Distributor,Respiratory,Montelukast 10mg,180,302.35,174.38,54423.0,23034.6
TXN2172,2023-08-18,2023,8,Q3,South,Zone B,Distributor,Diabetes,Metformin 500mg,120,654.57,331.24,78548.4,38799.6
TXN2173,2022-05-10,2022,5,Q2,South,Zone B,Distributor,Cardiovascular,Amlodipine 5mg,436,253.54,166.46,110543.44,37966.88
TXN2174,2023-10-01,2023,10,Q4,West,Zone D,Retail Pharmacy,Cardiovascular,Amlodipine 5mg,163,715.89,308.32,116690.07,66433.91
TXN2175,2023-12-25,2023,12,Q4,North,Zone A,Distributor,Oncology,Imatinib 100mg,428,379.28,164.55,162331.84,91904.44
TXN2176,2022-03-22,2022,3,Q1,West,Zone D,Distributor,Respiratory,Montelukast 10mg,375,187.4,111.1,70275.0,28612.5
TXN2177,2023-11-27,2023,11,Q4,East,Zone C,Distributor,Neurology,Pregabalin 75mg,70,774.24,313.15,54196.8,32276.3
TXN2178,2022-02-23,2022,2,Q1,North,Zone A,Hospital,Cardiovascular,Atorvastatin 10mg,124,361.14,223.84,44781.36,17025.2
TXN2179,2023-10-27,2023,10,Q4,South,Zone B,Hospital,Diabetes,Glipizide 5mg,320,748.27,512.89,239446.4,75321.6
TXN2180,2023-09-06,2023,9,Q3,West,Zone D,Retail Pharmacy,Cardiovascular,Atorvastatin 10mg,341,545.55,373.8,186032.55,58566.75
TXN2181,2023-04-24,2023,4,Q2,West,Zone D,Hospital,Neurology,Pregabalin 75mg,303,470.76,207.3,142640.28,79828.38
TXN2182,2022-12-26,2022,12,Q4,East,Zone C,Retail Pharmacy,Neurology,Pregabalin 75mg,303,135.1,64.07,40935.3,21522.09
TXN2183,2023-12-02,2023,12,Q4,West,Zone D,Retail Pharmacy,Cardiovascular,Telmisartan 40mg,443,198.91,109.09,88117.13,39790.26
TXN2184,2023-06-04,2023,6,Q2,North,Zone A,Distributor,Diabetes,Glipizide 5mg,476,63.55,34.62,30249.8,13770.68
TXN2185,2023-06-21,2023,6,Q2,South,Zone B,Distributor,Cardiovascular,Telmisartan 40mg,458,645.42,449.73,295602.36,89626.02
TXN2186,2022-11-02,2022,11,Q4,East,Zone C,Hospital,Cardiovascular,Amlodipine 5mg,267,679.17,278.25,181338.39,107045.64
TXN2187,2022-05-04,2022,5,Q2,West,Zone D,Hospital,Diabetes,Glipizide 5mg,229,561.1,235.13,128491.9,74647.13
TXN2188,2022-10-19,2022,10,Q4,North,Zone A,Retail Pharmacy,Respiratory,Montelukast 10mg,257,140.2,85.67,36031.4,14014.21
TXN2189,2023-06-15,2023,6,Q2,South,Zone B,Hospital,Cardiovascular,Amlodipine 5mg,240,279.07,177.04,66976.8,24487.2
TXN2190,2022-04-19,2022,4,Q2,East,Zone C,Distributor,Oncology,Capecitabine 500mg,409,721.74,311.56,295191.66,167763.62
TXN2191,2022-11-17,2022,11,Q4,South,Zone B,Hospital,Diabetes,Glipizide 5mg,230,410.07,224.48,94316.1,42685.7
TXN2192,2022-11-08,2022,11,Q4,North,Zone A,Distributor,Oncology,Capecitabine 500mg,370,662.03,424.21,244951.1,87993.4
TXN2193,2023-01-24,2023,1,Q1,East,Zone C,Hospital,Neurology,Levetiracetam 250mg,57,198.52,87.4,11315.64,6333.84
TXN2194,2022-05-07,2022,5,Q2,East,Zone C,Hospital,Cardiovascular,Telmisartan 40mg,443,266.61,118.58,118108.23,65577.29
TXN2195,2023-10-05,2023,10,Q4,North,Zone A,Retail Pharmacy,Respiratory,Montelukast 10mg,336,705.04,365.56,236893.44,114065.28
TXN2196,2023-08-16,2023,8,Q3,South,Zone B,Distributor,Diabetes,Metformin 500mg,265,486.8,295.34,129002.0,50736.9
TXN2197,2022-02-14,2022,2,Q1,West,Zone D,Hospital,Oncology,Imatinib 100mg,214,332.94,199.51,71249.16,28554.02
TXN2198,2022-02-24,2022,2,Q1,West,Zone D,Hospital,Cardiovascular,Telmisartan 40mg,408,168.25,76.08,68646.0,37605.36
TXN2199,2022-04-12,2022,4,Q2,North,Zone A,Hospital,Neurology,Pregabalin 75mg,331,472.12,233.23,156271.72,79072.59
TXN2200,2022-06-01,2022,6,Q2,South,Zone B,Retail Pharmacy,Respiratory,Montelukast 10mg,83,123.21,82.47,10226.43,3381.42
TXN2201,2022-11-15,2022,11,Q4,East,Zone C,Hospital,Cardiovascular,Atorvastatin 10mg,384,492.0,274.31,188928.0,83592.96
TXN2202,2022-05-22,2022,5,Q2,East,Zone C,Retail Pharmacy,Cardiovascular,Amlodipine 5mg,108,731.92,315.11,79047.36,45015.48
TXN2203,2023-08-15,2023,8,Q3,East,Zone C,Hospital,Cardiovascular,Atorvastatin 10mg,329,597.81,320.41,196679.49,91264.6
TXN2204,2022-03-18,2022,3,Q1,East,Zone C,Retail Pharmacy,Respiratory,Salbutamol Inhaler,496,343.06,218.62,170157.76,61722.24
TXN2205,2023-10-25,2023,10,Q4,West,Zone D,Hospital,Neurology,Levetiracetam 250mg,353,238.86,165.84,84317.58,25776.06
TXN2206,2023-12-20,2023,12,Q4,West,Zone D,Hospital,Oncology,Capecitabine 500mg,260,60.46,36.1,15719.6,6333.6
TXN2207,2023-06-10,2023,6,Q2,West,Zone D,Hospital,Cardiovascular,Telmisartan 40mg,171,130.97,55.12,22395.87,12970.35
TXN2208,2023-03-01,2023,3,Q1,North,Zone A,Retail Pharmacy,Neurology,Pregabalin 75mg,233,366.83,190.54,85471.39,41075.57
TXN2209,2023-03-12,2023,3,Q1,North,Zone A,Hospital,Cardiovascular,Telmisartan 40mg,280,657.77,420.35,184175.6,66477.6
TXN2210,2023-05-05,2023,5,Q2,South,Zone B,Hospital,Diabetes,Metformin 500mg,69,569.91,240.09,39323.79,22757.58
TXN2211,2023-03-09,2023,3,Q1,North,Zone A,Hospital,Neurology,Pregabalin 75mg,430,533.32,217.86,229327.6,135647.8
TXN2212,2023-06-22,2023,6,Q2,East,Zone C,Retail Pharmacy,Diabetes,Metformin 500mg,96,143.52,82.65,13777.92,5843.52
TXN2213,2022-03-26,2022,3,Q1,East,Zone C,Hospital,Oncology,Capecitabine 500mg,244,512.35,356.48,125013.4,38032.28
TXN2214,2023-12-26,2023,12,Q4,South,Zone B,Distributor,Diabetes,Sitagliptin 50mg,392,336.06,142.35,131735.52,75934.32
TXN2215,2022-08-21,2022,8,Q3,East,Zone C,Distributor,Neurology,Levetiracetam 250mg,121,457.65,280.77,55375.65,21402.48
TXN2216,2023-08-05,2023,8,Q3,North,Zone A,Retail Pharmacy,Neurology,Levetiracetam 250mg,408,133.25,60.38,54366.0,29730.96
TXN2217,2023-04-21,2023,4,Q2,North,Zone A,Hospital,Respiratory,Montelukast 10mg,121,177.49,88.85,21476.29,10725.44
TXN2218,2023-11-16,2023,11,Q4,South,Zone B,Distributor,Oncology,Capecitabine 500mg,296,59.32,39.39,17558.72,5899.28
TXN2219,2022-02-20,2022,2,Q1,South,Zone B,Hospital,Neurology,Pregabalin 75mg,157,377.23,259.79,59225.11,18438.08
TXN2220,2022-11-25,2022,11,Q4,South,Zone B,Hospital,Cardiovascular,Atorvastatin 10mg,90,448.14,186.2,40332.6,23574.6
TXN2221,2022-05-17,2022,5,Q2,West,Zone D,Retail Pharmacy,Cardiovascular,Atorvastatin 10mg,437,622.71,332.65,272124.27,126756.22
TXN2222,2022-04-18,2022,4,Q2,East,Zone C,Retail Pharmacy,Oncology,Imatinib 100mg,335,505.78,283.97,169436.3,74306.35
TXN2223,2022-08-13,2022,8,Q3,South,Zone B,Hospital,Diabetes,Sitagliptin 50mg,276,170.45,85.6,47044.2,23418.6
TXN2224,2023-01-13,2023,1,Q1,West,Zone D,Hospital,Oncology,Imatinib 100mg,271,471.78,283.66,127852.38,50980.52
TXN2225,2022-06-09,2022,6,Q2,West,Zone D,Distributor,Oncology,Capecitabine 500mg,329,769.43,472.97,253142.47,97535.34
TXN2226,2023-05-26,2023,5,Q2,West,Zone D,Retail Pharmacy,Oncology,Imatinib 100mg,486,287.75,188.48,139846.5,48245.22
TXN2227,2023-07-06,2023,7,Q3,East,Zone C,Distributor,Respiratory,Montelukast 10mg,86,231.13,127.8,19877.18,8886.38
TXN2228,2023-03-08,2023,3,Q1,North,Zone A,Distributor,Neurology,Levetiracetam 250mg,264,620.96,426.33,163933.44,51382.32
TXN2229,2023-05-06,2023,5,Q2,West,Zone D,Distributor,Cardiovascular,Telmisartan 40mg,191,522.8,351.51,99854.8,32716.39
TXN2230,2022-11-13,2022,11,Q4,South,Zone B,Distributor,Neurology,Pregabalin 75mg,54,51.18,33.85,2763.72,935.82
TXN2231,2023-09-13,2023,9,Q3,South,Zone B,Distributor,Oncology,Imatinib 100mg,473,422.9,222.44,200031.7,94817.58
TXN2232,2022-11-10,2022,11,Q4,West,Zone D,Hospital,Oncology,Capecitabine 500mg,294,89.78,50.54,26395.32,11536.56
TXN2233,2023-08-07,2023,8,Q3,West,Zone D,Distributor,Cardiovascular,Atorvastatin 10mg,225,138.11,87.8,31074.75,11319.75
TXN2234,2022-07-25,2022,7,Q3,West,Zone D,Retail Pharmacy,Cardiovascular,Telmisartan 40mg,190,758.74,335.73,144160.6,80371.9
TXN2235,2022-08-21,2022,8,Q3,East,Zone C,Distributor,Cardiovascular,Amlodipine 5mg,231,652.66,456.0,150764.46,45428.46
TXN2236,2023-03-16,2023,3,Q1,East,Zone C,Hospital,Oncology,Imatinib 100mg,439,121.68,49.5,53417.52,31687.02
TXN2237,2023-10-15,2023,10,Q4,West,Zone D,Hospital,Oncology,Imatinib 100mg,327,537.57,320.44,175785.39,71001.51
TXN2238,2023-09-12,2023,9,Q3,South,Zone B,Hospital,Respiratory,Salbutamol Inhaler,73,749.1,461.58,54684.3,20988.96
TXN2239,2023-10-17,2023,10,Q4,East,Zone C,Hospital,Respiratory,Salbutamol Inhaler,125,114.82,73.46,14352.5,5170.0
TXN2240,2023-02-01,2023,2,Q1,North,Zone A,Hospital,Oncology,Imatinib 100mg,117,369.91,163.42,43279.47,24159.33
TXN2241,2022-06-17,2022,6,Q2,East,Zone C,Hospital,Neurology,Levetiracetam 250mg,295,165.02,102.31,48680.9,18499.45
TXN2242,2022-03-07,2022,3,Q1,West,Zone D,Hospital,Respiratory,Salbutamol Inhaler,227,389.07,255.68,88318.89,30279.53
TXN2243,2022-02-19,2022,2,Q1,West,Zone D,Retail Pharmacy,Respiratory,Salbutamol Inhaler,148,392.99,256.96,58162.52,20132.44
TXN2244,2023-07-27,2023,7,Q3,East,Zone C,Hospital,Respiratory,Salbutamol Inhaler,75,415.69,253.28,31176.75,12180.75
TXN2245,2022-07-09,2022,7,Q3,East,Zone C,Hospital,Respiratory,Montelukast 10mg,192,63.52,36.02,12195.84,5280.0
TXN2246,2023-04-24,2023,4,Q2,North,Zone A,Hospital,Diabetes,Sitagliptin 50mg,102,403.07,267.41,41113.14,13837.32
TXN2247,2022-04-23,2022,4,Q2,South,Zone B,Hospital,Oncology,Capecitabine 500mg,87,661.89,424.12,57584.43,20685.99
TXN2248,2022-01-16,2022,1,Q1,West,Zone D,Distributor,Respiratory,Salbutamol Inhaler,326,175.29,122.33,57144.54,17264.96
TXN2249,2022-09-25,2022,9,Q3,South,Zone B,Distributor,Neurology,Levetiracetam 250mg,358,364.54,251.4,130505.32,40504.12
TXN2250,2023-05-16,2023,5,Q2,East,Zone C,Hospital,Respiratory,Montelukast 10mg,182,386.12,186.23,70273.84,36379.98
TXN2251,2023-03-18,2023,3,Q1,South,Zone B,Hospital,Neurology,Levetiracetam 250mg,291,102.4,61.78,29798.4,11820.42
TXN2252,2023-02-17,2023,2,Q1,North,Zone A,Hospital,Neurology,Pregabalin 75mg,132,284.51,122.84,37555.32,21340.44
TXN2253,2022-05-03,2022,5,Q2,East,Zone C,Retail Pharmacy,Diabetes,Metformin 500mg,64,553.06,361.82,35395.84,12239.36
TXN2254,2022-11-22,2022,11,Q4,West,Zone D,Hospital,Respiratory,Salbutamol Inhaler,380,447.23,225.55,169947.4,84238.4
TXN2255,2022-10-25,2022,10,Q4,East,Zone C,Retail Pharmacy,Diabetes,Metformin 500mg,328,667.45,443.07,218923.6,73596.64
TXN2256,2023-09-21,2023,9,Q3,East,Zone C,Hospital,Oncology,Imatinib 100mg,379,708.12,372.07,268377.48,127362.95
TXN2257,2022-08-14,2022,8,Q3,North,Zone A,Hospital,Diabetes,Glipizide 5mg,189,619.27,342.73,117042.03,52266.06
TXN2258,2023-09-02,2023,9,Q3,North,Zone A,Hospital,Cardiovascular,Telmisartan 40mg,308,686.31,278.72,211383.48,125537.72
TXN2259,2022-08-01,2022,8,Q3,North,Zone A,Retail Pharmacy,Neurology,Pregabalin 75mg,324,400.43,189.01,129739.32,68500.08
TXN2260,2022-11-15,2022,11,Q4,West,Zone D,Distributor,Respiratory,Montelukast 10mg,177,650.27,349.26,115097.79,53278.77
TXN2261,2023-05-02,2023,5,Q2,East,Zone C,Hospital,Diabetes,Sitagliptin 50mg,181,248.78,139.53,45029.18,19774.25
TXN2262,2023-05-12,2023,5,Q2,West,Zone D,Retail Pharmacy,Cardiovascular,Atorvastatin 10mg,444,625.98,430.81,277935.12,86655.48
TXN2263,2022-04-10,2022,4,Q2,South,Zone B,Hospital,Diabetes,Metformin 500mg,497,722.75,374.7,359206.75,172980.85
TXN2264,2023-03-14,2023,3,Q1,South,Zone B,Retail Pharmacy,Oncology,Imatinib 100mg,236,724.11,491.91,170889.96,54799.2
TXN2265,2022-07-10,2022,7,Q3,East,Zone C,Distributor,Respiratory,Salbutamol Inhaler,259,658.05,450.21,170434.95,53830.56
TXN2266,2022-07-19,2022,7,Q3,West,Zone D,Hospital,Diabetes,Sitagliptin 50mg,80,157.77,96.71,12621.6,4884.8
TXN2267,2022-11-18,2022,11,Q4,East,Zone C,Distributor,Neurology,Levetiracetam 250mg,444,711.26,368.72,315799.44,152087.76
TXN2268,2023-01-02,2023,1,Q1,West,Zone D,Distributor,Respiratory,Salbutamol Inhaler,349,68.36,43.56,23857.64,8655.2
TXN2269,2022-10-12,2022,10,Q4,West,Zone D,Distributor,Diabetes,Glipizide 5mg,116,97.37,65.63,11294.92,3681.84
TXN2270,2023-06-05,2023,6,Q2,North,Zone A,Hospital,Neurology,Levetiracetam 250mg,151,227.94,109.14,34418.94,17938.8
TXN2271,2022-02-21,2022,2,Q1,East,Zone C,Distributor,Oncology,Capecitabine 500mg,413,267.12,160.07,110320.56,44211.65
TXN2272,2022-01-25,2022,1,Q1,South,Zone B,Hospital,Oncology,Capecitabine 500mg,93,568.63,378.14,52882.59,17715.57
TXN2273,2022-12-19,2022,12,Q4,West,Zone D,Hospital,Respiratory,Montelukast 10mg,274,756.95,491.76,207404.3,72662.06
TXN2274,2023-10-10,2023,10,Q4,North,Zone A,Hospital,Neurology,Pregabalin 75mg,237,368.51,164.31,87336.87,48395.4
TXN2275,2022-11-03,2022,11,Q4,East,Zone C,Distributor,Neurology,Pregabalin 75mg,57,369.59,179.72,21066.63,10822.59
TXN2276,2022-12-05,2022,12,Q4,South,Zone B,Distributor,Diabetes,Metformin 500mg,369,513.1,322.33,189333.9,70394.13
TXN2277,2023-05-27,2023,5,Q2,North,Zone A,Retail Pharmacy,Oncology,Capecitabine 500mg,497,238.57,107.85,118569.29,64967.84
TXN2278,2023-08-15,2023,8,Q3,South,Zone B,Retail Pharmacy,Oncology,Capecitabine 500mg,240,207.42,113.58,49780.8,22521.6
TXN2279,2022-04-05,2022,4,Q2,North,Zone A,Hospital,Neurology,Levetiracetam 250mg,459,492.79,207.48,226190.61,130957.29
TXN2280,2022-05-23,2022,5,Q2,North,Zone A,Retail Pharmacy,Cardiovascular,Amlodipine 5mg,108,467.18,244.53,50455.44,24046.2
TXN2281,2022-08-20,2022,8,Q3,North,Zone A,Retail Pharmacy,Diabetes,Metformin 500mg,319,304.23,134.75,97049.37,54064.12
TXN2282,2022-08-21,2022,8,Q3,North,Zone A,Distributor,Respiratory,Salbutamol Inhaler,328,421.86,261.41,138370.08,52627.6
TXN2283,2023-01-20,2023,1,Q1,West,Zone D,Retail Pharmacy,Diabetes,Metformin 500mg,209,155.49,95.62,32497.41,12512.83
TXN2284,2023-03-18,2023,3,Q1,West,Zone D,Retail Pharmacy,Diabetes,Metformin 500mg,477,243.7,132.63,116244.9,52980.39
TXN2285,2023-05-13,2023,5,Q2,South,Zone B,Distributor,Neurology,Pregabalin 75mg,474,80.38,35.12,38100.12,21453.24
TXN2286,2023-12-15,2023,12,Q4,West,Zone D,Distributor,Oncology,Capecitabine 500mg,338,270.72,115.31,91503.36,52528.58
TXN2287,2022-08-23,2022,8,Q3,West,Zone D,Retail Pharmacy,Oncology,Imatinib 100mg,263,276.12,190.63,72619.56,22483.87
TXN2288,2023-06-12,2023,6,Q2,South,Zone B,Distributor,Diabetes,Sitagliptin 50mg,265,246.58,124.01,65343.7,32481.05
TXN2289,2022-07-21,2022,7,Q3,South,Zone B,Hospital,Diabetes,Sitagliptin 50mg,497,427.3,245.81,212368.1,90200.53
TXN2290,2023-04-18,2023,4,Q2,North,Zone A,Hospital,Neurology,Levetiracetam 250mg,174,707.22,286.93,123056.28,73130.46
TXN2291,2023-09-22,2023,9,Q3,East,Zone C,Hospital,Diabetes,Glipizide 5mg,81,83.66,56.56,6776.46,2195.1
TXN2292,2023-12-14,2023,12,Q4,East,Zone C,Hospital,Cardiovascular,Amlodipine 5mg,95,795.92,418.67,75612.4,35838.75
TXN2293,2023-08-14,2023,8,Q3,South,Zone B,Hospital,Oncology,Capecitabine 500mg,95,511.72,206.65,48613.4,28981.65
TXN2294,2022-07-15,2022,7,Q3,East,Zone C,Retail Pharmacy,Oncology,Capecitabine 500mg,451,737.82,324.78,332756.82,186281.04
TXN2295,2022-11-13,2022,11,Q4,North,Zone A,Retail Pharmacy,Oncology,Capecitabine 500mg,364,645.08,435.09,234809.12,76436.36
TXN2296,2022-01-26,2022,1,Q1,North,Zone A,Retail Pharmacy,Respiratory,Montelukast 10mg,146,289.74,186.34,42302.04,15096.4
TXN2297,2022-04-27,2022,4,Q2,South,Zone B,Distributor,Neurology,Levetiracetam 250mg,361,188.54,97.79,68062.94,32760.75
TXN2298,2023-09-23,2023,9,Q3,West,Zone D,Hospital,Neurology,Levetiracetam 250mg,240,291.56,167.23,69974.4,29839.2
TXN2299,2023-11-27,2023,11,Q4,East,Zone C,Retail Pharmacy,Neurology,Levetiracetam 250mg,437,616.58,358.86,269445.46,112623.64
TXN2300,2023-09-24,2023,9,Q3,South,Zone B,Retail Pharmacy,Respiratory,Montelukast 10mg,331,371.09,170.22,122830.79,66487.97
TXN2301,2022-01-13,2022,1,Q1,South,Zone B,Distributor,Diabetes,Glipizide 5mg,266,781.01,453.89,207748.66,87013.92
TXN2302,2022-05-17,2022,5,Q2,West,Zone D,Retail Pharmacy,Cardiovascular,Telmisartan 40mg,74,671.03,300.12,49656.22,27447.34
TXN2303,2023-12-06,2023,12,Q4,East,Zone C,Distributor,Cardiovascular,Telmisartan 40mg,445,365.66,226.03,162718.7,62135.35
TXN2304,2023-08-02,2023,8,Q3,South,Zone B,Distributor,Diabetes,Glipizide 5mg,313,720.15,372.16,225406.95,108920.87
TXN2305,2022-06-22,2022,6,Q2,West,Zone D,Hospital,Neurology,Levetiracetam 250mg,392,277.59,182.98,108815.28,37087.12
TXN2306,2023-04-07,2023,4,Q2,East,Zone C,Retail Pharmacy,Respiratory,Montelukast 10mg,367,668.07,268.3,245181.69,146715.59
TXN2307,2023-10-23,2023,10,Q4,North,Zone A,Retail Pharmacy,Respiratory,Montelukast 10mg,135,688.61,401.29,92962.35,38788.2
TXN2308,2022-10-21,2022,10,Q4,West,Zone D,Hospital,Oncology,Imatinib 100mg,486,467.61,279.84,227258.46,91256.22
TXN2309,2022-04-20,2022,4,Q2,East,Zone C,Hospital,Oncology,Imatinib 100mg,270,505.78,262.09,136560.6,65796.3
TXN2310,2023-06-11,2023,6,Q2,North,Zone A,Hospital,Neurology,Pregabalin 75mg,126,532.83,266.33,67136.58,33579.0
TXN2311,2022-12-18,2022,12,Q4,North,Zone A,Hospital,Diabetes,Sitagliptin 50mg,429,576.46,375.11,247301.34,86379.15
TXN2312,2022-03-16,2022,3,Q1,North,Zone A,Distributor,Oncology,Imatinib 100mg,113,305.29,165.76,34497.77,15766.89
TXN2313,2022-01-05,2022,1,Q1,West,Zone D,Retail Pharmacy,Respiratory,Salbutamol Inhaler,217,130.94,88.98,28413.98,9105.32
TXN2314,2022-09-17,2022,9,Q3,East,Zone C,Hospital,Neurology,Levetiracetam 250mg,256,522.53,262.4,133767.68,66593.28
TXN2315,2022-07-25,2022,7,Q3,West,Zone D,Distributor,Cardiovascular,Telmisartan 40mg,210,265.0,135.17,55650.0,27264.3
TXN2316,2023-11-03,2023,11,Q4,North,Zone A,Distributor,Cardiovascular,Amlodipine 5mg,236,512.61,297.1,120975.96,50860.36
TXN2317,2022-12-27,2022,12,Q4,South,Zone B,Hospital,Oncology,Imatinib 100mg,136,450.14,193.73,61219.04,34871.76
TXN2318,2023-07-26,2023,7,Q3,South,Zone B,Retail Pharmacy,Neurology,Pregabalin 75mg,161,369.17,186.23,59436.37,29453.34
TXN2319,2022-04-17,2022,4,Q2,South,Zone B,Retail Pharmacy,Oncology,Imatinib 100mg,155,589.67,254.88,91398.85,51892.45
TXN2320,2022-08-12,2022,8,Q3,North,Zone A,Hospital,Neurology,Pregabalin 75mg,198,782.05,373.08,154845.9,80976.06
TXN2321,2023-12-16,2023,12,Q4,East,Zone C,Distributor,Diabetes,Metformin 500mg,405,793.77,538.39,321476.85,103428.9
TXN2322,2023-08-06,2023,8,Q3,East,Zone C,Distributor,Diabetes,Glipizide 5mg,168,269.46,136.71,45269.28,22302.0
TXN2323,2022-05-08,2022,5,Q2,South,Zone B,Distributor,Oncology,Imatinib 100mg,241,606.37,376.62,146135.17,55369.75
TXN2324,2022-12-17,2022,12,Q4,South,Zone B,Distributor,Diabetes,Glipizide 5mg,352,323.48,212.62,113864.96,39022.72
TXN2325,2023-03-12,2023,3,Q1,North,Zone A,Distributor,Respiratory,Salbutamol Inhaler,369,677.06,416.75,249835.14,96054.39
TXN2326,2022-07-01,2022,7,Q3,East,Zone C,Distributor,Cardiovascular,Amlodipine 5mg,407,402.38,200.88,163768.66,82010.5
TXN2327,2022-06-24,2022,6,Q2,South,Zone B,Retail Pharmacy,Respiratory,Salbutamol Inhaler,54,651.84,268.83,35199.36,20682.54
TXN2328,2022-09-23,2022,9,Q3,North,Zone A,Retail Pharmacy,Diabetes,Sitagliptin 50mg,165,266.7,113.58,44005.5,25264.8
TXN2329,2023-03-02,2023,3,Q1,West,Zone D,Hospital,Diabetes,Glipizide 5mg,216,587.12,258.7,126817.92,70938.72
TXN2330,2022-09-12,2022,9,Q3,North,Zone A,Distributor,Cardiovascular,Atorvastatin 10mg,158,249.21,152.34,39375.18,15305.46
TXN2331,2022-11-27,2022,11,Q4,East,Zone C,Distributor,Oncology,Capecitabine 500mg,353,471.88,245.68,166573.64,79848.6
TXN2332,2023-01-13,2023,1,Q1,West,Zone D,Distributor,Diabetes,Metformin 500mg,216,721.3,373.55,155800.8,75114.0
TXN2333,2023-07-23,2023,7,Q3,South,Zone B,Retail Pharmacy,Oncology,Capecitabine 500mg,453,237.5,133.13,107587.5,47279.61
TXN2334,2023-01-27,2023,1,Q1,West,Zone D,Retail Pharmacy,Diabetes,Glipizide 5mg,220,545.73,271.16,120060.6,60405.4
TXN2335,2023-10-06,2023,10,Q4,West,Zone D,Distributor,Neurology,Pregabalin 75mg,118,73.52,33.16,8675.36,4762.48
TXN2336,2022-02-02,2022,2,Q1,West,Zone D,Retail Pharmacy,Cardiovascular,Amlodipine 5mg,371,638.38,290.85,236838.98,128933.63
TXN2337,2023-11-17,2023,11,Q4,West,Zone D,Hospital,Cardiovascular,Amlodipine 5mg,174,749.48,435.81,130409.52,54578.58
TXN2338,2023-03-10,2023,3,Q1,South,Zone B,Hospital,Cardiovascular,Atorvastatin 10mg,255,326.42,224.58,83237.1,25969.2
TXN2339,2022-05-11,2022,5,Q2,East,Zone C,Hospital,Oncology,Capecitabine 500mg,184,378.83,154.97,69704.72,41190.24
TXN2340,2022-10-16,2022,10,Q4,North,Zone A,Distributor,Neurology,Levetiracetam 250mg,448,648.46,368.93,290510.08,125229.44
TXN2341,2022-06-24,2022,6,Q2,North,Zone A,Distributor,Cardiovascular,Telmisartan 40mg,203,557.11,340.19,113093.33,44034.76
TXN2342,2022-01-20,2022,1,Q1,North,Zone A,Retail Pharmacy,Respiratory,Salbutamol Inhaler,138,673.82,364.5,92987.16,42686.16
TXN2343,2023-11-03,2023,11,Q4,West,Zone D,Retail Pharmacy,Cardiovascular,Atorvastatin 10mg,297,604.08,415.59,179411.76,55981.53
TXN2344,2022-07-03,2022,7,Q3,North,Zone A,Hospital,Diabetes,Sitagliptin 50mg,341,499.47,271.16,170319.27,77853.71
TXN2345,2023-06-10,2023,6,Q2,North,Zone A,Hospital,Diabetes,Sitagliptin 50mg,324,331.53,156.64,107415.72,56664.36
TXN2346,2022-03-03,2022,3,Q1,North,Zone A,Distributor,Respiratory,Montelukast 10mg,337,497.39,246.43,167620.43,84573.52
TXN2347,2023-10-04,2023,10,Q4,South,Zone B,Retail Pharmacy,Respiratory,Montelukast 10mg,404,344.39,167.86,139133.56,71318.12
TXN2348,2023-11-25,2023,11,Q4,East,Zone C,Retail Pharmacy,Oncology,Imatinib 100mg,119,386.28,184.19,45967.32,24048.71
TXN2349,2023-07-08,2023,7,Q3,East,Zone C,Retail Pharmacy,Oncology,Capecitabine 500mg,225,91.75,58.65,20643.75,7447.5
TXN2350,2023-11-22,2023,11,Q4,West,Zone D,Distributor,Oncology,Capecitabine 500mg,326,360.86,145.95,117640.36,70060.66
TXN2351,2023-02-21,2023,2,Q1,East,Zone C,Retail Pharmacy,Neurology,Levetiracetam 250mg,208,416.9,223.07,86715.2,40316.64
TXN2352,2023-12-15,2023,12,Q4,North,Zone A,Retail Pharmacy,Oncology,Capecitabine 500mg,328,236.4,116.13,77539.2,39448.56
TXN2353,2022-11-15,2022,11,Q4,East,Zone C,Distributor,Diabetes,Glipizide 5mg,266,246.93,117.65,65683.38,34388.48
TXN2354,2023-01-05,2023,1,Q1,East,Zone C,Retail Pharmacy,Diabetes,Sitagliptin 50mg,177,639.74,364.63,113233.98,48694.47
TXN2355,2023-05-05,2023,5,Q2,South,Zone B,Hospital,Diabetes,Glipizide 5mg,440,547.78,281.74,241023.2,117057.6
TXN2356,2023-01-04,2023,1,Q1,West,Zone D,Retail Pharmacy,Neurology,Pregabalin 75mg,160,797.5,532.71,127600.0,42366.4
TXN2357,2022-04-10,2022,4,Q2,North,Zone A,Distributor,Cardiovascular,Atorvastatin 10mg,462,508.21,328.35,234793.02,83095.32
TXN2358,2022-02-25,2022,2,Q1,West,Zone D,Hospital,Diabetes,Metformin 500mg,466,473.81,324.38,220795.46,69634.38
TXN2359,2023-04-27,2023,4,Q2,North,Zone A,Distributor,Oncology,Capecitabine 500mg,466,248.84,136.49,115959.44,52355.1
TXN2360,2023-10-11,2023,10,Q4,West,Zone D,Hospital,Respiratory,Montelukast 10mg,371,598.83,269.13,222165.93,122318.7
TXN2361,2022-10-17,2022,10,Q4,South,Zone B,Distributor,Oncology,Imatinib 100mg,229,501.63,274.85,114873.27,51932.62
TXN2362,2023-11-03,2023,11,Q4,North,Zone A,Distributor,Oncology,Capecitabine 500mg,391,424.15,295.53,165842.65,50290.42
TXN2363,2022-07-15,2022,7,Q3,South,Zone B,Distributor,Cardiovascular,Atorvastatin 10mg,355,303.28,194.98,107664.4,38446.5
TXN2364,2022-09-21,2022,9,Q3,West,Zone D,Retail Pharmacy,Cardiovascular,Telmisartan 40mg,278,208.45,122.94,57949.1,23771.78
TXN2365,2023-11-16,2023,11,Q4,South,Zone B,Distributor,Oncology,Capecitabine 500mg,138,404.09,208.05,55764.42,27053.52
TXN2366,2022-09-11,2022,9,Q3,East,Zone C,Retail Pharmacy,Neurology,Pregabalin 75mg,230,347.18,181.22,79851.4,38170.8
TXN2367,2023-05-22,2023,5,Q2,West,Zone D,Retail Pharmacy,Cardiovascular,Atorvastatin 10mg,491,434.91,250.41,213540.81,90589.5
TXN2368,2022-03-19,2022,3,Q1,North,Zone A,Retail Pharmacy,Diabetes,Sitagliptin 50mg,74,364.44,166.99,26968.56,14611.3
TXN2369,2022-10-10,2022,10,Q4,East,Zone C,Distributor,Diabetes,Glipizide 5mg,145,382.39,225.54,55446.55,22743.25
TXN2370,2023-10-18,2023,10,Q4,West,Zone D,Hospital,Respiratory,Montelukast 10mg,445,571.49,298.79,254313.05,121351.5
TXN2371,2022-09-20,2022,9,Q3,West,Zone D,Distributor,Cardiovascular,Telmisartan 40mg,216,331.95,186.05,71701.2,31514.4
TXN2372,2023-02-23,2023,2,Q1,West,Zone D,Hospital,Oncology,Imatinib 100mg,262,761.83,532.96,199599.46,59963.94
TXN2373,2022-06-19,2022,6,Q2,East,Zone C,Retail Pharmacy,Cardiovascular,Atorvastatin 10mg,418,146.78,81.9,61354.04,27119.84
TXN2374,2023-01-17,2023,1,Q1,East,Zone C,Hospital,Oncology,Imatinib 100mg,464,175.35,91.56,81362.4,38878.56
TXN2375,2023-12-17,2023,12,Q4,West,Zone D,Retail Pharmacy,Respiratory,Salbutamol Inhaler,394,576.29,239.62,227058.26,132647.98
TXN2376,2022-03-13,2022,3,Q1,East,Zone C,Distributor,Respiratory,Montelukast 10mg,307,248.3,138.62,76228.1,33671.76
TXN2377,2023-01-27,2023,1,Q1,North,Zone A,Hospital,Diabetes,Sitagliptin 50mg,318,761.81,482.34,242255.58,88871.46
TXN2378,2022-02-11,2022,2,Q1,West,Zone D,Retail Pharmacy,Diabetes,Glipizide 5mg,493,191.65,116.97,94483.45,36817.24
TXN2379,2022-04-16,2022,4,Q2,North,Zone A,Retail Pharmacy,Respiratory,Montelukast 10mg,353,173.47,77.13,61234.91,34008.02
TXN2380,2023-07-09,2023,7,Q3,South,Zone B,Retail Pharmacy,Diabetes,Sitagliptin 50mg,431,406.93,168.21,175386.83,102888.32
TXN2381,2023-09-16,2023,9,Q3,South,Zone B,Distributor,Respiratory,Montelukast 10mg,341,715.67,347.03,244043.47,125706.24
TXN2382,2023-10-01,2023,10,Q4,West,Zone D,Distributor,Neurology,Levetiracetam 250mg,458,668.89,328.74,306351.62,155788.7
TXN2383,2022-04-17,2022,4,Q2,South,Zone B,Hospital,Diabetes,Glipizide 5mg,498,384.95,206.83,191705.1,88703.76
TXN2384,2023-05-08,2023,5,Q2,South,Zone B,Retail Pharmacy,Oncology,Imatinib 100mg,286,320.11,172.7,91551.46,42159.26
TXN2385,2022-05-18,2022,5,Q2,North,Zone A,Hospital,Neurology,Pregabalin 75mg,257,347.27,147.02,89248.39,51464.25
TXN2386,2023-10-23,2023,10,Q4,South,Zone B,Distributor,Oncology,Capecitabine 500mg,378,653.24,437.52,246924.72,81542.16
TXN2387,2022-08-05,2022,8,Q3,North,Zone A,Hospital,Neurology,Pregabalin 75mg,405,426.01,175.95,172534.05,101274.3
TXN2388,2023-05-07,2023,5,Q2,South,Zone B,Retail Pharmacy,Neurology,Levetiracetam 250mg,482,421.49,222.68,203158.18,95826.42
TXN2389,2023-06-14,2023,6,Q2,North,Zone A,Retail Pharmacy,Respiratory,Salbutamol Inhaler,289,785.31,442.63,226954.59,99034.52
TXN2390,2023-03-16,2023,3,Q1,East,Zone C,Distributor,Diabetes,Metformin 500mg,406,96.23,66.16,39069.38,12208.42
TXN2391,2022-11-17,2022,11,Q4,South,Zone B,Retail Pharmacy,Cardiovascular,Amlodipine 5mg,133,402.08,247.72,53476.64,20529.88
TXN2392,2022-12-21,2022,12,Q4,South,Zone B,Retail Pharmacy,Neurology,Pregabalin 75mg,96,754.33,453.75,72415.68,28855.68
TXN2393,2023-12-23,2023,12,Q4,West,Zone D,Retail Pharmacy,Respiratory,Montelukast 10mg,51,791.66,542.07,40374.66,12729.09
TXN2394,2022-03-09,2022,3,Q1,South,Zone B,Retail Pharmacy,Neurology,Levetiracetam 250mg,124,363.79,193.63,45109.96,21099.84
TXN2395,2023-03-23,2023,3,Q1,East,Zone C,Retail Pharmacy,Cardiovascular,Telmisartan 40mg,270,190.05,95.74,51313.5,25463.7
TXN2396,2022-07-08,2022,7,Q3,South,Zone B,Distributor,Neurology,Levetiracetam 250mg,424,75.08,40.62,31833.92,14611.04
TXN2397,2022-02-01,2022,2,Q1,East,Zone C,Retail Pharmacy,Cardiovascular,Telmisartan 40mg,483,528.12,313.48,255081.96,103671.12
TXN2398,2023-05-12,2023,5,Q2,West,Zone D,Hospital,Diabetes,Metformin 500mg,363,674.58,284.46,244872.54,141613.56
TXN2399,2023-01-27,2023,1,Q1,South,Zone B,Distributor,Oncology,Capecitabine 500mg,459,718.25,394.21,329676.75,148734.36
TXN2400,2022-02-22,2022,2,Q1,South,Zone B,Retail Pharmacy,Cardiovascular,Telmisartan 40mg,114,88.5,45.49,10089.0,4903.14
TXN2401,2023-03-03,2023,3,Q1,South,Zone B,Hospital,Cardiovascular,Atorvastatin 10mg,235,764.68,398.87,179699.8,85965.35
TXN2402,2023-10-22,2023,10,Q4,East,Zone C,Hospital,Respiratory,Salbutamol Inhaler,109,185.49,96.82,20218.41,9665.03
TXN2403,2023-02-26,2023,2,Q1,South,Zone B,Hospital,Diabetes,Glipizide 5mg,386,580.9,259.07,224227.4,124226.38
TXN2404,2022-12-22,2022,12,Q4,South,Zone B,Retail Pharmacy,Diabetes,Sitagliptin 50mg,58,440.0,280.01,25520.0,9279.42
TXN2405,2022-02-26,2022,2,Q1,East,Zone C,Hospital,Respiratory,Salbutamol Inhaler,437,420.13,193.94,183596.81,98845.03
TXN2406,2022-11-06,2022,11,Q4,North,Zone A,Retail Pharmacy,Respiratory,Montelukast 10mg,76,787.02,517.92,59813.52,20451.6
TXN2407,2023-03-03,2023,3,Q1,North,Zone A,Distributor,Neurology,Levetiracetam 250mg,225,738.39,381.1,166137.75,80390.25
TXN2408,2023-08-02,2023,8,Q3,South,Zone B,Distributor,Cardiovascular,Telmisartan 40mg,324,682.61,414.01,221165.64,87026.4
TXN2409,2022-03-18,2022,3,Q1,North,Zone A,Distributor,Diabetes,Sitagliptin 50mg,471,63.89,33.95,30092.19,14101.74
TXN2410,2023-12-24,2023,12,Q4,West,Zone D,Distributor,Cardiovascular,Atorvastatin 10mg,456,332.29,199.93,151524.24,60356.16
TXN2411,2022-05-14,2022,5,Q2,North,Zone A,Retail Pharmacy,Respiratory,Salbutamol Inhaler,470,265.5,119.09,124785.0,68812.7
TXN2412,2023-10-02,2023,10,Q4,East,Zone C,Retail Pharmacy,Respiratory,Montelukast 10mg,486,196.68,116.53,95586.48,38952.9
TXN2413,2023-11-14,2023,11,Q4,North,Zone A,Retail Pharmacy,Cardiovascular,Atorvastatin 10mg,436,79.44,39.06,34635.84,17605.68
TXN2414,2022-12-19,2022,12,Q4,North,Zone A,Hospital,Neurology,Levetiracetam 250mg,142,483.3,268.0,68628.6,30572.6
TXN2415,2022-04-27,2022,4,Q2,East,Zone C,Distributor,Diabetes,Glipizide 5mg,425,155.58,86.19,66121.5,29490.75
TXN2416,2022-01-13,2022,1,Q1,West,Zone D,Distributor,Diabetes,Sitagliptin 50mg,181,284.77,183.95,51543.37,18248.42
TXN2417,2023-03-14,2023,3,Q1,South,Zone B,Distributor,Diabetes,Glipizide 5mg,434,676.68,467.02,293679.12,90992.44
TXN2418,2022-10-19,2022,10,Q4,North,Zone A,Distributor,Diabetes,Glipizide 5mg,52,725.18,403.85,37709.36,16709.16
TXN2419,2022-04-14,2022,4,Q2,North,Zone A,Retail Pharmacy,Cardiovascular,Telmisartan 40mg,101,553.92,373.06,55945.92,18266.86
TXN2420,2023-10-09,2023,10,Q4,West,Zone D,Hospital,Neurology,Levetiracetam 250mg,201,466.18,212.77,93702.18,50935.41
TXN2421,2023-05-04,2023,5,Q2,South,Zone B,Hospital,Diabetes,Metformin 500mg,55,211.31,101.76,11622.05,6025.25
TXN2422,2022-10-05,2022,10,Q4,East,Zone C,Retail Pharmacy,Neurology,Pregabalin 75mg,99,634.3,303.32,62795.7,32767.02
TXN2423,2023-12-12,2023,12,Q4,West,Zone D,Retail Pharmacy,Cardiovascular,Atorvastatin 10mg,405,153.78,96.03,62280.9,23388.75
TXN2424,2023-07-08,2023,7,Q3,North,Zone A,Retail Pharmacy,Oncology,Capecitabine 500mg,220,63.77,31.47,14029.4,7106.0
TXN2425,2022-09-22,2022,9,Q3,West,Zone D,Retail Pharmacy,Neurology,Pregabalin 75mg,294,249.03,151.01,73214.82,28817.88
TXN2426,2022-12-26,2022,12,Q4,East,Zone C,Distributor,Respiratory,Salbutamol Inhaler,214,535.59,269.11,114616.26,57026.72
TXN2427,2023-01-09,2023,1,Q1,West,Zone D,Distributor,Neurology,Levetiracetam 250mg,66,198.05,113.41,13071.3,5586.24
TXN2428,2022-02-06,2022,2,Q1,East,Zone C,Hospital,Cardiovascular,Telmisartan 40mg,380,210.92,124.49,80149.6,32843.4
TXN2429,2023-01-24,2023,1,Q1,West,Zone D,Distributor,Oncology,Capecitabine 500mg,156,253.52,115.49,39549.12,21532.68
TXN2430,2022-12-05,2022,12,Q4,East,Zone C,Hospital,Diabetes,Glipizide 5mg,294,357.7,154.51,105163.8,59737.86
TXN2431,2022-12-27,2022,12,Q4,South,Zone B,Hospital,Neurology,Levetiracetam 250mg,99,626.3,267.28,62003.7,35542.98
TXN2432,2023-02-06,2023,2,Q1,North,Zone A,Hospital,Cardiovascular,Amlodipine 5mg,81,248.41,137.67,20121.21,8969.94
TXN2433,2022-03-24,2022,3,Q1,West,Zone D,Retail Pharmacy,Cardiovascular,Amlodipine 5mg,213,227.69,144.09,48497.97,17806.8
TXN2434,2023-03-11,2023,3,Q1,South,Zone B,Hospital,Cardiovascular,Amlodipine 5mg,184,518.91,361.12,95479.44,29033.36
TXN2435,2023-10-03,2023,10,Q4,West,Zone D,Retail Pharmacy,Diabetes,Sitagliptin 50mg,214,572.6,331.43,122536.4,51610.38
TXN2436,2023-10-20,2023,10,Q4,West,Zone D,Distributor,Diabetes,Sitagliptin 50mg,431,406.56,283.92,175227.36,52857.84
TXN2437,2023-01-01,2023,1,Q1,South,Zone B,Hospital,Diabetes,Metformin 500mg,289,59.09,28.05,17077.01,8970.56
TXN2438,2023-01-16,2023,1,Q1,South,Zone B,Distributor,Respiratory,Montelukast 10mg,449,233.72,144.65,104940.28,39992.43
TXN2439,2023-10-17,2023,10,Q4,East,Zone C,Hospital,Diabetes,Glipizide 5mg,112,136.55,71.28,15293.6,7310.24
TXN2440,2023-12-12,2023,12,Q4,West,Zone D,Distributor,Oncology,Imatinib 100mg,120,727.99,406.41,87358.8,38589.6
TXN2441,2023-08-05,2023,8,Q3,South,Zone B,Hospital,Respiratory,Montelukast 10mg,176,299.06,133.53,52634.56,29133.28
TXN2442,2023-10-05,2023,10,Q4,North,Zone A,Distributor,Cardiovascular,Atorvastatin 10mg,431,596.29,353.67,257000.99,104569.22
TXN2443,2022-12-22,2022,12,Q4,North,Zone A,Retail Pharmacy,Respiratory,Montelukast 10mg,491,437.63,209.63,214876.33,111948.0
TXN2444,2022-12-17,2022,12,Q4,West,Zone D,Retail Pharmacy,Respiratory,Salbutamol Inhaler,491,633.92,393.23,311254.72,118178.79
TXN2445,2023-03-07,2023,3,Q1,South,Zone B,Distributor,Respiratory,Montelukast 10mg,129,327.46,158.39,42242.34,21810.03
TXN2446,2023-08-20,2023,8,Q3,West,Zone D,Hospital,Respiratory,Montelukast 10mg,323,651.31,406.73,210373.13,78999.34
TXN2447,2023-12-15,2023,12,Q4,South,Zone B,Retail Pharmacy,Respiratory,Salbutamol Inhaler,410,81.2,33.04,33292.0,19745.6
TXN2448,2023-09-22,2023,9,Q3,East,Zone C,Retail Pharmacy,Neurology,Levetiracetam 250mg,81,343.61,224.54,27832.41,9644.67
TXN2449,2023-03-22,2023,3,Q1,West,Zone D,Hospital,Cardiovascular,Atorvastatin 10mg,207,388.62,264.86,80444.34,25618.32
TXN2450,2023-05-26,2023,5,Q2,West,Zone D,Distributor,Oncology,Imatinib 100mg,162,503.71,294.28,81601.02,33927.66
TXN2451,2022-01-01,2022,1,Q1,East,Zone C,Hospital,Neurology,Pregabalin 75mg,90,632.3,311.98,56907.0,28828.8
TXN2452,2023-07-07,2023,7,Q3,East,Zone C,Hospital,Diabetes,Sitagliptin 50mg,267,404.6,244.03,108028.2,42872.19
TXN2453,2023-08-15,2023,8,Q3,South,Zone B,Hospital,Cardiovascular,Amlodipine 5mg,329,546.0,265.8,179634.0,92185.8
TXN2454,2023-09-26,2023,9,Q3,West,Zone D,Retail Pharmacy,Diabetes,Glipizide 5mg,160,746.08,417.12,119372.8,52633.6
TXN2455,2023-10-19,2023,10,Q4,West,Zone D,Hospital,Neurology,Levetiracetam 250mg,494,651.2,415.15,321692.8,116608.7
TXN2456,2023-10-21,2023,10,Q4,South,Zone B,Hospital,Cardiovascular,Telmisartan 40mg,115,50.14,25.51,5766.1,2832.45
TXN2457,2023-05-02,2023,5,Q2,South,Zone B,Distributor,Diabetes,Metformin 500mg,163,99.97,69.26,16295.11,5005.73
TXN2458,2022-04-23,2022,4,Q2,East,Zone C,Distributor,Cardiovascular,Amlodipine 5mg,403,414.01,268.71,166846.03,58555.9
TXN2459,2023-06-03,2023,6,Q2,West,Zone D,Distributor,Neurology,Levetiracetam 250mg,472,764.88,445.52,361023.36,150737.92
TXN2460,2023-01-17,2023,1,Q1,South,Zone B,Hospital,Cardiovascular,Telmisartan 40mg,91,413.8,278.0,37655.8,12357.8
TXN2461,2022-05-04,2022,5,Q2,South,Zone B,Retail Pharmacy,Cardiovascular,Atorvastatin 10mg,238,212.86,109.0,50660.68,24718.68
TXN2462,2022-09-16,2022,9,Q3,North,Zone A,Hospital,Oncology,Imatinib 100mg,151,532.9,335.13,80467.9,29863.27
TXN2463,2023-11-22,2023,11,Q4,East,Zone C,Retail Pharmacy,Neurology,Levetiracetam 250mg,467,427.41,172.77,199600.47,118916.88
TXN2464,2023-10-08,2023,10,Q4,North,Zone A,Distributor,Respiratory,Montelukast 10mg,459,611.93,416.67,280875.87,89624.34
TXN2465,2023-09-22,2023,9,Q3,South,Zone B,Hospital,Oncology,Imatinib 100mg,446,719.6,429.0,320941.6,129607.6
TXN2466,2023-02-19,2023,2,Q1,North,Zone A,Distributor,Cardiovascular,Telmisartan 40mg,158,752.11,517.31,118833.38,37098.4
TXN2467,2022-08-03,2022,8,Q3,North,Zone A,Retail Pharmacy,Cardiovascular,Atorvastatin 10mg,343,741.47,327.9,254324.21,141854.51
TXN2468,2023-08-04,2023,8,Q3,South,Zone B,Hospital,Oncology,Imatinib 100mg,430,50.71,31.8,21805.3,8131.3
TXN2469,2022-05-02,2022,5,Q2,West,Zone D,Retail Pharmacy,Respiratory,Montelukast 10mg,360,357.39,199.24,128660.4,56934.0
TXN2470,2022-05-18,2022,5,Q2,North,Zone A,Distributor,Diabetes,Sitagliptin 50mg,394,595.82,260.04,234753.08,132297.32
TXN2471,2023-06-23,2023,6,Q2,East,Zone C,Distributor,Respiratory,Salbutamol Inhaler,318,607.18,406.78,193083.24,63727.2
TXN2472,2023-06-07,2023,6,Q2,North,Zone A,Retail Pharmacy,Respiratory,Montelukast 10mg,63,302.75,132.82,19073.25,10705.59
TXN2473,2022-02-24,2022,2,Q1,East,Zone C,Distributor,Oncology,Imatinib 100mg,283,65.88,33.23,18644.04,9239.95
TXN2474,2023-03-20,2023,3,Q1,East,Zone C,Hospital,Cardiovascular,Atorvastatin 10mg,495,220.25,102.72,109023.75,58177.35
TXN2475,2022-10-17,2022,10,Q4,East,Zone C,Retail Pharmacy,Neurology,Levetiracetam 250mg,496,590.61,278.98,292942.56,154568.48
TXN2476,2022-09-20,2022,9,Q3,West,Zone D,Distributor,Diabetes,Metformin 500mg,239,577.27,269.46,137967.53,73566.59
TXN2477,2023-01-23,2023,1,Q1,North,Zone A,Distributor,Oncology,Imatinib 100mg,95,247.16,101.51,23480.2,13836.75
TXN2478,2023-07-21,2023,7,Q3,East,Zone C,Distributor,Cardiovascular,Atorvastatin 10mg,290,126.9,74.08,36801.0,15317.8
TXN2479,2023-08-24,2023,8,Q3,South,Zone B,Retail Pharmacy,Cardiovascular,Telmisartan 40mg,412,104.73,67.69,43148.76,15260.48
TXN2480,2023-08-12,2023,8,Q3,South,Zone B,Hospital,Cardiovascular,Telmisartan 40mg,474,380.1,166.1,180167.4,101436.0
TXN2481,2023-08-23,2023,8,Q3,South,Zone B,Hospital,Neurology,Pregabalin 75mg,56,73.89,39.96,4137.84,1900.08
TXN2482,2023-12-04,2023,12,Q4,West,Zone D,Hospital,Respiratory,Salbutamol Inhaler,227,439.46,288.89,99757.42,34179.39
TXN2483,2023-04-22,2023,4,Q2,South,Zone B,Distributor,Respiratory,Montelukast 10mg,265,646.69,339.59,171372.85,81381.5
TXN2484,2022-04-24,2022,4,Q2,North,Zone A,Distributor,Cardiovascular,Amlodipine 5mg,189,358.67,199.29,67788.63,30122.82
TXN2485,2022-02-19,2022,2,Q1,North,Zone A,Hospital,Neurology,Levetiracetam 250mg,113,705.25,379.81,79693.25,36774.72
TXN2486,2023-03-11,2023,3,Q1,North,Zone A,Retail Pharmacy,Respiratory,Montelukast 10mg,486,456.6,277.11,221907.6,87232.14
TXN2487,2023-07-07,2023,7,Q3,West,Zone D,Distributor,Diabetes,Sitagliptin 50mg,413,237.83,158.71,98223.79,32676.56
TXN2488,2022-09-01,2022,9,Q3,East,Zone C,Retail Pharmacy,Neurology,Pregabalin 75mg,410,190.71,77.52,78191.1,46407.9
TXN2489,2022-11-19,2022,11,Q4,West,Zone D,Distributor,Neurology,Pregabalin 75mg,293,588.08,369.78,172307.44,63961.9
TXN2490,2022-03-05,2022,3,Q1,East,Zone C,Hospital,Diabetes,Sitagliptin 50mg,153,279.07,138.54,42697.71,21501.09
TXN2491,2022-08-06,2022,8,Q3,West,Zone D,Distributor,Oncology,Capecitabine 500mg,302,522.02,361.65,157650.04,48431.74
TXN2492,2022-07-01,2022,7,Q3,West,Zone D,Hospital,Diabetes,Glipizide 5mg,206,516.89,255.61,106479.34,53823.68
TXN2493,2022-08-02,2022,8,Q3,South,Zone B,Hospital,Diabetes,Sitagliptin 50mg,222,700.97,413.08,155615.34,63911.58
TXN2494,2022-01-08,2022,1,Q1,North,Zone A,Distributor,Oncology,Capecitabine 500mg,157,334.72,172.33,52551.04,25495.23
TXN2495,2023-12-24,2023,12,Q4,East,Zone C,Hospital,Oncology,Imatinib 100mg,350,112.88,56.9,39508.0,19593.0
TXN2496,2023-10-19,2023,10,Q4,North,Zone A,Retail Pharmacy,Oncology,Imatinib 100mg,462,429.53,215.16,198442.86,99038.94
TXN2497,2022-11-21,2022,11,Q4,North,Zone A,Hospital,Cardiovascular,Atorvastatin 10mg,62,679.29,461.53,42115.98,13501.12
TXN2498,2023-02-22,2023,2,Q1,West,Zone D,Retail Pharmacy,Respiratory,Montelukast 10mg,365,549.7,258.74,200640.5,106200.4
TXN2499,2023-07-06,2023,7,Q3,East,Zone C,Distributor,Oncology,Imatinib 100mg,65,551.81,376.72,35867.65,11380.85
TXN2500,2023-10-10,2023,10,Q4,West,Zone D,Distributor,Respiratory,Salbutamol Inhaler,445,388.5,200.18,172882.5,83802.4
TXN2501,2022-11-10,2022,11,Q4,North,Zone A,Hospital,Diabetes,Metformin 500mg,77,410.18,240.83,31583.86,13039.95
TXN2502,2023-10-25,2023,10,Q4,North,Zone A,Hospital,Neurology,Pregabalin 75mg,384,391.9,244.8,150489.6,56486.4
TXN2503,2023-07-11,2023,7,Q3,North,Zone A,Distributor,Cardiovascular,Amlodipine 5mg,293,514.32,227.9,150695.76,83921.06
TXN2504,2022-12-17,2022,12,Q4,South,Zone B,Retail Pharmacy,Oncology,Imatinib 100mg,499,665.68,422.54,332174.32,121326.86
TXN2505,2022-03-14,2022,3,Q1,South,Zone B,Hospital,Oncology,Capecitabine 500mg,335,798.44,381.32,267477.4,139735.2
TXN2506,2022-10-16,2022,10,Q4,South,Zone B,Hospital,Oncology,Capecitabine 500mg,445,273.16,184.06,121556.2,39649.5
TXN2507,2023-08-13,2023,8,Q3,North,Zone A,Retail Pharmacy,Oncology,Capecitabine 500mg,157,110.25,70.23,17309.25,6283.14
TXN2508,2023-01-26,2023,1,Q1,North,Zone A,Hospital,Cardiovascular,Atorvastatin 10mg,407,199.8,94.44,81318.6,42881.52
TXN2509,2023-05-24,2023,5,Q2,West,Zone D,Retail Pharmacy,Cardiovascular,Telmisartan 40mg,195,584.05,335.24,113889.75,48517.95
TXN2510,2023-09-23,2023,9,Q3,South,Zone B,Retail Pharmacy,Oncology,Imatinib 100mg,99,798.71,506.51,79072.29,28927.8
TXN2511,2022-09-24,2022,9,Q3,South,Zone B,Retail Pharmacy,Diabetes,Glipizide 5mg,213,728.81,386.55,155236.53,72901.38
TXN2512,2022-04-25,2022,4,Q2,South,Zone B,Distributor,Diabetes,Metformin 500mg,428,623.86,337.57,267012.08,122532.12
TXN2513,2023-04-07,2023,4,Q2,North,Zone A,Distributor,Diabetes,Glipizide 5mg,312,710.1,473.16,221551.2,73925.28
TXN2514,2023-06-06,2023,6,Q2,West,Zone D,Hospital,Cardiovascular,Amlodipine 5mg,443,663.91,338.51,294112.13,144152.2
TXN2515,2022-12-02,2022,12,Q4,West,Zone D,Hospital,Cardiovascular,Atorvastatin 10mg,436,493.63,291.19,215222.68,88263.84
TXN2516,2023-02-22,2023,2,Q1,West,Zone D,Hospital,Diabetes,Sitagliptin 50mg,194,691.32,413.03,134116.08,53988.26
TXN2517,2022-05-23,2022,5,Q2,East,Zone C,Hospital,Respiratory,Salbutamol Inhaler,390,282.16,161.04,110042.4,47236.8
TXN2518,2023-05-19,2023,5,Q2,East,Zone C,Hospital,Cardiovascular,Amlodipine 5mg,121,761.73,498.36,92169.33,31867.77
TXN2519,2023-09-18,2023,9,Q3,North,Zone A,Distributor,Cardiovascular,Atorvastatin 10mg,492,533.76,276.82,262609.92,126414.48
TXN2520,2023-09-01,2023,9,Q3,West,Zone D,Hospital,Oncology,Capecitabine 500mg,224,472.17,323.49,105766.08,33304.32
TXN2521,2022-04-03,2022,4,Q2,South,Zone B,Retail Pharmacy,Neurology,Pregabalin 75mg,140,452.22,218.16,63310.8,32768.4
TXN2522,2023-06-18,2023,6,Q2,South,Zone B,Hospital,Respiratory,Salbutamol Inhaler,270,292.71,190.73,79031.7,27534.6
TXN2523,2022-09-24,2022,9,Q3,West,Zone D,Distributor,Neurology,Levetiracetam 250mg,316,792.49,473.9,250426.84,100674.44
TXN2524,2023-07-06,2023,7,Q3,East,Zone C,Retail Pharmacy,Diabetes,Sitagliptin 50mg,238,570.31,358.08,135733.78,50510.74
TXN2525,2022-09-22,2022,9,Q3,West,Zone D,Retail Pharmacy,Oncology,Imatinib 100mg,169,758.78,314.5,128233.82,75083.32
TXN2526,2022-09-13,2022,9,Q3,West,Zone D,Retail Pharmacy,Oncology,Imatinib 100mg,315,660.81,355.35,208155.15,96219.9
TXN2527,2022-05-08,2022,5,Q2,North,Zone A,Retail Pharmacy,Cardiovascular,Amlodipine 5mg,191,65.37,26.48,12485.67,7427.99
TXN2528,2022-02-25,2022,2,Q1,East,Zone C,Distributor,Cardiovascular,Telmisartan 40mg,99,517.36,337.4,51218.64,17816.04
TXN2529,2022-10-16,2022,10,Q4,South,Zone B,Hospital,Oncology,Capecitabine 500mg,130,295.06,162.17,38357.8,17275.7
TXN2530,2022-07-24,2022,7,Q3,East,Zone C,Retail Pharmacy,Cardiovascular,Telmisartan 40mg,220,111.76,65.04,24587.2,10278.4
TXN2531,2022-10-20,2022,10,Q4,West,Zone D,Hospital,Diabetes,Glipizide 5mg,323,234.86,94.58,75859.78,45310.44
TXN2532,2023-02-17,2023,2,Q1,East,Zone C,Distributor,Oncology,Imatinib 100mg,222,396.92,230.38,88116.24,36971.88
TXN2533,2022-12-23,2022,12,Q4,South,Zone B,Hospital,Cardiovascular,Amlodipine 5mg,378,373.8,200.32,141296.4,65575.44
TXN2534,2022-09-24,2022,9,Q3,West,Zone D,Hospital,Cardiovascular,Atorvastatin 10mg,384,535.21,293.42,205520.64,92847.36
TXN2535,2023-12-04,2023,12,Q4,West,Zone D,Distributor,Neurology,Levetiracetam 250mg,345,499.34,348.36,172272.3,52088.1
TXN2536,2022-12-21,2022,12,Q4,North,Zone A,Retail Pharmacy,Diabetes,Sitagliptin 50mg,140,719.08,294.27,100671.2,59473.4
TXN2537,2023-06-18,2023,6,Q2,West,Zone D,Hospital,Diabetes,Metformin 500mg,493,301.84,121.02,148807.12,89144.26
TXN2538,2023-12-09,2023,12,Q4,East,Zone C,Hospital,Respiratory,Montelukast 10mg,252,99.81,45.04,25152.12,13802.04
TXN2539,2022-05-23,2022,5,Q2,South,Zone B,Distributor,Oncology,Imatinib 100mg,72,420.94,195.05,30307.68,16264.08
TXN2540,2023-07-23,2023,7,Q3,South,Zone B,Distributor,Neurology,Levetiracetam 250mg,268,537.13,226.62,143950.84,83216.68
TXN2541,2023-02-06,2023,2,Q1,South,Zone B,Retail Pharmacy,Diabetes,Metformin 500mg,197,56.62,25.88,11154.14,6055.78
TXN2542,2023-09-16,2023,9,Q3,North,Zone A,Retail Pharmacy,Cardiovascular,Amlodipine 5mg,240,375.55,254.83,90132.0,28972.8
TXN2543,2023-08-14,2023,8,Q3,South,Zone B,Retail Pharmacy,Oncology,Capecitabine 500mg,326,253.66,135.65,82693.16,38471.26
TXN2544,2023-09-10,2023,9,Q3,West,Zone D,Hospital,Cardiovascular,Telmisartan 40mg,435,465.38,260.12,202440.3,89288.1
TXN2545,2022-07-26,2022,7,Q3,North,Zone A,Hospital,Oncology,Capecitabine 500mg,311,472.32,273.05,146891.52,61972.97
TXN2546,2023-12-04,2023,12,Q4,North,Zone A,Hospital,Respiratory,Salbutamol Inhaler,335,507.18,216.73,169905.3,97300.75
TXN2547,2023-01-11,2023,1,Q1,South,Zone B,Hospital,Diabetes,Metformin 500mg,382,293.92,198.99,112277.44,36263.26
TXN2548,2022-03-20,2022,3,Q1,East,Zone C,Hospital,Respiratory,Salbutamol Inhaler,396,747.86,432.44,296152.56,124906.32
TXN2549,2023-02-26,2023,2,Q1,West,Zone D,Distributor,Neurology,Pregabalin 75mg,394,423.18,170.1,166732.92,99713.52
TXN2550,2023-06-24,2023,6,Q2,East,Zone C,Retail Pharmacy,Diabetes,Metformin 500mg,263,91.68,50.11,24111.84,10932.91
TXN2551,2022-02-22,2022,2,Q1,East,Zone C,Distributor,Respiratory,Montelukast 10mg,433,685.68,416.95,296899.44,116360.09
TXN2552,2022-01-16,2022,1,Q1,East,Zone C,Retail Pharmacy,Cardiovascular,Telmisartan 40mg,355,720.73,391.04,255859.15,117039.95
TXN2553,2022-12-27,2022,12,Q4,West,Zone D,Retail Pharmacy,Diabetes,Glipizide 5mg,196,394.11,273.94,77245.56,23553.32
TXN2554,2022-09-20,2022,9,Q3,East,Zone C,Distributor,Oncology,Capecitabine 500mg,312,422.54,245.08,131832.48,55367.52
TXN2555,2023-10-02,2023,10,Q4,South,Zone B,Hospital,Diabetes,Metformin 500mg,427,85.98,57.14,36713.46,12314.68
TXN2556,2023-10-07,2023,10,Q4,East,Zone C,Hospital,Cardiovascular,Telmisartan 40mg,297,102.32,53.62,30389.04,14463.9
TXN2557,2023-07-20,2023,7,Q3,East,Zone C,Distributor,Respiratory,Salbutamol Inhaler,92,611.42,324.75,56250.64,26373.64
TXN2558,2022-07-02,2022,7,Q3,West,Zone D,Retail Pharmacy,Cardiovascular,Amlodipine 5mg,391,743.48,320.59,290700.68,165349.99
TXN2559,2023-08-02,2023,8,Q3,West,Zone D,Retail Pharmacy,Cardiovascular,Amlodipine 5mg,305,793.92,326.77,242145.6,142480.75
TXN2560,2023-12-25,2023,12,Q4,East,Zone C,Retail Pharmacy,Respiratory,Salbutamol Inhaler,273,408.42,252.49,111498.66,42568.89
TXN2561,2022-01-19,2022,1,Q1,West,Zone D,Distributor,Diabetes,Sitagliptin 50mg,248,98.75,50.43,24490.0,11983.36
TXN2562,2022-08-18,2022,8,Q3,South,Zone B,Retail Pharmacy,Diabetes,Sitagliptin 50mg,480,287.56,179.7,138028.8,51772.8
TXN2563,2023-09-18,2023,9,Q3,North,Zone A,Retail Pharmacy,Diabetes,Glipizide 5mg,277,483.86,246.64,134029.22,65709.94
TXN2564,2022-04-27,2022,4,Q2,South,Zone B,Hospital,Cardiovascular,Atorvastatin 10mg,123,250.88,164.42,30858.24,10634.58
TXN2565,2022-05-25,2022,5,Q2,East,Zone C,Hospital,Cardiovascular,Telmisartan 40mg,403,617.41,360.05,248816.23,103716.08
TXN2566,2023-11-27,2023,11,Q4,East,Zone C,Hospital,Respiratory,Montelukast 10mg,101,218.56,100.22,22074.56,11952.34
TXN2567,2022-06-21,2022,6,Q2,South,Zone B,Hospital,Respiratory,Montelukast 10mg,349,673.92,304.89,235198.08,128791.47
TXN2568,2023-04-26,2023,4,Q2,West,Zone D,Hospital,Diabetes,Glipizide 5mg,206,263.65,164.98,54311.9,20326.02
TXN2569,2022-01-08,2022,1,Q1,North,Zone A,Hospital,Oncology,Imatinib 100mg,479,85.9,44.87,41146.1,19653.37
TXN2570,2022-01-02,2022,1,Q1,North,Zone A,Distributor,Oncology,Capecitabine 500mg,242,138.2,94.6,33444.4,10551.2
TXN2571,2022-05-06,2022,5,Q2,West,Zone D,Distributor,Cardiovascular,Atorvastatin 10mg,336,201.7,93.63,67771.2,36311.52
TXN2572,2023-12-03,2023,12,Q4,East,Zone C,Hospital,Respiratory,Montelukast 10mg,475,420.38,207.51,199680.5,101113.25
TXN2573,2023-10-10,2023,10,Q4,East,Zone C,Retail Pharmacy,Oncology,Imatinib 100mg,223,224.2,150.04,49996.6,16537.68
TXN2574,2023-05-01,2023,5,Q2,North,Zone A,Retail Pharmacy,Cardiovascular,Amlodipine 5mg,217,148.02,66.91,32120.34,17600.87
TXN2575,2022-01-16,2022,1,Q1,South,Zone B,Distributor,Neurology,Pregabalin 75mg,455,313.41,204.08,142601.55,49745.15
TXN2576,2023-03-20,2023,3,Q1,South,Zone B,Hospital,Diabetes,Sitagliptin 50mg,157,275.71,154.9,43286.47,18967.17
TXN2577,2022-03-03,2022,3,Q1,East,Zone C,Distributor,Diabetes,Metformin 500mg,327,240.96,164.98,78793.92,24845.46
TXN2578,2023-04-04,2023,4,Q2,North,Zone A,Retail Pharmacy,Respiratory,Montelukast 10mg,155,420.53,175.18,65182.15,38029.25
TXN2579,2022-04-21,2022,4,Q2,North,Zone A,Distributor,Diabetes,Glipizide 5mg,218,743.56,487.44,162096.08,55834.16
TXN2580,2022-05-09,2022,5,Q2,South,Zone B,Distributor,Respiratory,Salbutamol Inhaler,422,461.71,295.03,194841.62,70338.96
TXN2581,2023-08-17,2023,8,Q3,East,Zone C,Distributor,Respiratory,Salbutamol Inhaler,467,351.27,224.72,164043.09,59098.85
TXN2582,2022-07-18,2022,7,Q3,North,Zone A,Hospital,Neurology,Pregabalin 75mg,355,556.28,385.91,197479.4,60481.35
TXN2583,2023-05-22,2023,5,Q2,North,Zone A,Distributor,Respiratory,Salbutamol Inhaler,241,265.33,114.46,63944.53,36359.67
TXN2584,2023-09-25,2023,9,Q3,East,Zone C,Retail Pharmacy,Diabetes,Metformin 500mg,489,429.88,183.02,210211.32,120714.54
TXN2585,2023-08-17,2023,8,Q3,East,Zone C,Distributor,Diabetes,Metformin 500mg,129,404.15,249.8,52135.35,19911.15
TXN2586,2022-05-06,2022,5,Q2,West,Zone D,Retail Pharmacy,Diabetes,Glipizide 5mg,436,387.29,218.09,168858.44,73771.2
TXN2587,2023-03-03,2023,3,Q1,West,Zone D,Distributor,Respiratory,Salbutamol Inhaler,485,353.87,163.9,171626.95,92135.45
TXN2588,2023-10-19,2023,10,Q4,East,Zone C,Retail Pharmacy,Neurology,Levetiracetam 250mg,238,181.4,110.15,43173.2,16957.5
TXN2589,2022-01-25,2022,1,Q1,West,Zone D,Distributor,Neurology,Levetiracetam 250mg,379,211.95,92.91,80329.05,45116.16
TXN2590,2022-04-09,2022,4,Q2,West,Zone D,Distributor,Cardiovascular,Atorvastatin 10mg,165,421.07,206.32,69476.55,35433.75
TXN2591,2022-11-08,2022,11,Q4,West,Zone D,Hospital,Respiratory,Salbutamol Inhaler,488,54.29,32.32,26493.52,10721.36
TXN2592,2023-12-12,2023,12,Q4,East,Zone C,Retail Pharmacy,Diabetes,Sitagliptin 50mg,387,95.17,40.39,36830.79,21199.86
TXN2593,2023-02-17,2023,2,Q1,East,Zone C,Retail Pharmacy,Diabetes,Glipizide 5mg,80,69.03,43.15,5522.4,2070.4
TXN2594,2023-03-03,2023,3,Q1,East,Zone C,Distributor,Diabetes,Metformin 500mg,420,241.99,99.12,101635.8,60005.4
TXN2595,2023-05-13,2023,5,Q2,West,Zone D,Retail Pharmacy,Respiratory,Salbutamol Inhaler,439,198.58,80.97,87176.62,51630.79
TXN2596,2022-02-18,2022,2,Q1,North,Zone A,Distributor,Cardiovascular,Telmisartan 40mg,380,304.62,184.0,115755.6,45835.6
TXN2597,2022-11-25,2022,11,Q4,East,Zone C,Hospital,Diabetes,Sitagliptin 50mg,80,178.64,112.8,14291.2,5267.2
TXN2598,2022-11-04,2022,11,Q4,East,Zone C,Retail Pharmacy,Oncology,Capecitabine 500mg,246,576.8,327.11,141892.8,61423.74
TXN2599,2022-04-26,2022,4,Q2,South,Zone B,Retail Pharmacy,Respiratory,Salbutamol Inhaler,499,315.43,210.53,157399.57,52345.1
TXN2600,2023-07-24,2023,7,Q3,South,Zone B,Retail Pharmacy,Neurology,Pregabalin 75mg,386,759.92,360.19,293329.12,154295.78
TXN2601,2022-04-06,2022,4,Q2,West,Zone D,Retail Pharmacy,Diabetes,Glipizide 5mg,469,393.44,224.58,184523.36,79195.34
TXN2602,2023-10-27,2023,10,Q4,North,Zone A,Retail Pharmacy,Respiratory,Montelukast 10mg,144,210.38,86.54,30294.72,17832.96
TXN2603,2023-05-04,2023,5,Q2,North,Zone A,Hospital,Cardiovascular,Amlodipine 5mg,164,510.98,334.57,83800.72,28931.24
TXN2604,2022-03-17,2022,3,Q1,North,Zone A,Retail Pharmacy,Oncology,Imatinib 100mg,344,473.06,264.87,162732.64,71617.36
TXN2605,2023-11-25,2023,11,Q4,East,Zone C,Distributor,Oncology,Imatinib 100mg,136,707.69,426.61,96245.84,38226.88
TXN2606,2023-02-23,2023,2,Q1,West,Zone D,Retail Pharmacy,Diabetes,Metformin 500mg,426,240.25,159.16,102346.5,34544.34
TXN2607,2023-10-04,2023,10,Q4,West,Zone D,Hospital,Respiratory,Montelukast 10mg,62,764.76,467.14,47415.12,18452.44
TXN2608,2022-02-06,2022,2,Q1,West,Zone D,Distributor,Oncology,Imatinib 100mg,373,162.04,87.62,60440.92,27758.66
TXN2609,2022-07-22,2022,7,Q3,East,Zone C,Hospital,Neurology,Levetiracetam 250mg,260,361.78,223.76,94062.8,35885.2
TXN2610,2023-11-24,2023,11,Q4,West,Zone D,Hospital,Neurology,Pregabalin 75mg,215,480.82,292.67,103376.3,40452.25
TXN2611,2023-05-01,2023,5,Q2,South,Zone B,Retail Pharmacy,Cardiovascular,Amlodipine 5mg,370,629.56,283.63,232937.2,127994.1
TXN2612,2022-05-04,2022,5,Q2,North,Zone A,Hospital,Respiratory,Montelukast 10mg,259,149.11,86.28,38619.49,16272.97
TXN2613,2023-01-22,2023,1,Q1,East,Zone C,Distributor,Respiratory,Montelukast 10mg,400,238.7,114.96,95480.0,49496.0
TXN2614,2022-05-17,2022,5,Q2,North,Zone A,Hospital,Diabetes,Glipizide 5mg,198,275.6,128.8,54568.8,29066.4
TXN2615,2023-10-04,2023,10,Q4,West,Zone D,Distributor,Neurology,Levetiracetam 250mg,275,275.17,153.91,75671.75,33346.5
TXN2616,2022-12-09,2022,12,Q4,North,Zone A,Hospital,Respiratory,Salbutamol Inhaler,468,297.16,152.88,139070.88,67523.04
TXN2617,2023-03-13,2023,3,Q1,East,Zone C,Distributor,Neurology,Levetiracetam 250mg,68,387.79,230.35,26369.72,10705.92
TXN2618,2023-03-08,2023,3,Q1,North,Zone A,Hospital,Neurology,Levetiracetam 250mg,320,285.89,174.41,91484.8,35673.6
TXN2619,2023-04-06,2023,4,Q2,South,Zone B,Distributor,Oncology,Imatinib 100mg,457,624.97,317.89,285611.29,140335.56
TXN2620,2022-03-16,2022,3,Q1,East,Zone C,Distributor,Respiratory,Salbutamol Inhaler,461,269.22,160.65,124110.42,50050.77
TXN2621,2022-12-25,2022,12,Q4,South,Zone B,Hospital,Cardiovascular,Telmisartan 40mg,490,179.33,115.62,87871.7,31217.9
TXN2622,2022-12-11,2022,12,Q4,North,Zone A,Retail Pharmacy,Neurology,Levetiracetam 250mg,356,534.69,219.45,190349.64,112225.44
TXN2623,2023-10-24,2023,10,Q4,North,Zone A,Distributor,Cardiovascular,Amlodipine 5mg,127,688.46,435.59,87434.42,32114.49
TXN2624,2023-06-26,2023,6,Q2,East,Zone C,Retail Pharmacy,Diabetes,Glipizide 5mg,240,171.67,84.63,41200.8,20889.6
TXN2625,2022-12-23,2022,12,Q4,East,Zone C,Hospital,Diabetes,Glipizide 5mg,162,203.34,86.48,32941.08,18931.32
TXN2626,2023-07-12,2023,7,Q3,South,Zone B,Distributor,Cardiovascular,Telmisartan 40mg,154,66.73,38.89,10276.42,4287.36
TXN2627,2023-05-04,2023,5,Q2,South,Zone B,Hospital,Oncology,Capecitabine 500mg,444,617.66,255.89,274241.04,160625.88
TXN2628,2023-10-17,2023,10,Q4,West,Zone D,Hospital,Neurology,Levetiracetam 250mg,217,312.51,179.41,67814.67,28882.7
TXN2629,2022-08-10,2022,8,Q3,East,Zone C,Retail Pharmacy,Diabetes,Sitagliptin 50mg,232,757.73,460.73,175793.36,68904.0
TXN2630,2022-06-19,2022,6,Q2,West,Zone D,Distributor,Respiratory,Salbutamol Inhaler,193,531.6,217.55,102598.8,60611.65
TXN2631,2022-06-15,2022,6,Q2,North,Zone A,Retail Pharmacy,Neurology,Levetiracetam 250mg,395,553.48,385.81,218624.6,66229.65
TXN2632,2023-12-06,2023,12,Q4,South,Zone B,Distributor,Cardiovascular,Atorvastatin 10mg,353,97.16,57.01,34297.48,14172.95
TXN2633,2022-02-13,2022,2,Q1,West,Zone D,Hospital,Respiratory,Salbutamol Inhaler,73,755.86,353.85,55177.78,29346.73
TXN2634,2023-05-16,2023,5,Q2,South,Zone B,Retail Pharmacy,Cardiovascular,Atorvastatin 10mg,80,378.12,180.29,30249.6,15826.4
TXN2635,2023-02-17,2023,2,Q1,North,Zone A,Hospital,Neurology,Pregabalin 75mg,486,676.15,330.07,328608.9,168194.88
TXN2636,2023-03-23,2023,3,Q1,West,Zone D,Retail Pharmacy,Respiratory,Montelukast 10mg,322,370.37,159.47,119259.14,67909.8
TXN2637,2023-03-10,2023,3,Q1,West,Zone D,Distributor,Diabetes,Metformin 500mg,151,250.3,133.17,37795.3,17686.63
TXN2638,2022-11-11,2022,11,Q4,North,Zone A,Retail Pharmacy,Cardiovascular,Telmisartan 40mg,350,190.06,105.12,66521.0,29729.0
TXN2639,2022-05-27,2022,5,Q2,South,Zone B,Hospital,Oncology,Capecitabine 500mg,186,178.26,94.08,33156.36,15657.48
TXN2640,2022-11-11,2022,11,Q4,North,Zone A,Distributor,Oncology,Imatinib 100mg,239,309.88,179.33,74061.32,31201.45
TXN2641,2023-07-25,2023,7,Q3,North,Zone A,Distributor,Respiratory,Salbutamol Inhaler,376,725.49,414.31,272784.24,117003.68
TXN2642,2022-08-15,2022,8,Q3,North,Zone A,Distributor,Respiratory,Montelukast 10mg,418,459.39,230.36,192025.02,95734.54
TXN2643,2023-05-13,2023,5,Q2,West,Zone D,Retail Pharmacy,Oncology,Imatinib 100mg,487,711.16,398.16,346334.92,152431.0
TXN2644,2023-07-03,2023,7,Q3,West,Zone D,Distributor,Neurology,Levetiracetam 250mg,296,700.09,371.67,207226.64,97212.32
TXN2645,2023-02-06,2023,2,Q1,West,Zone D,Hospital,Oncology,Imatinib 100mg,159,160.52,97.64,25522.68,9997.92
TXN2646,2022-04-19,2022,4,Q2,West,Zone D,Retail Pharmacy,Diabetes,Glipizide 5mg,387,85.55,49.95,33107.85,13777.2
TXN2647,2023-05-09,2023,5,Q2,North,Zone A,Hospital,Respiratory,Montelukast 10mg,348,689.86,328.52,240071.28,125746.32
TXN2648,2022-02-08,2022,2,Q1,North,Zone A,Retail Pharmacy,Cardiovascular,Atorvastatin 10mg,181,137.3,56.52,24851.3,14621.18
TXN2649,2023-01-23,2023,1,Q1,East,Zone C,Distributor,Neurology,Levetiracetam 250mg,185,790.75,428.61,146288.75,66995.9
TXN2650,2023-09-21,2023,9,Q3,North,Zone A,Distributor,Diabetes,Sitagliptin 50mg,195,598.41,358.63,116689.95,46757.1
TXN2651,2023-05-23,2023,5,Q2,North,Zone A,Distributor,Diabetes,Metformin 500mg,410,758.89,374.98,311144.9,157403.1
TXN2652,2023-06-04,2023,6,Q2,East,Zone C,Hospital,Cardiovascular,Atorvastatin 10mg,340,246.45,149.51,83793.0,32959.6
TXN2653,2023-08-27,2023,8,Q3,North,Zone A,Retail Pharmacy,Cardiovascular,Atorvastatin 10mg,467,183.67,120.81,85773.89,29355.62
TXN2654,2023-12-03,2023,12,Q4,South,Zone B,Retail Pharmacy,Neurology,Pregabalin 75mg,124,322.35,220.96,39971.4,12572.36
TXN2655,2023-05-15,2023,5,Q2,North,Zone A,Distributor,Respiratory,Salbutamol Inhaler,242,188.95,130.24,45725.9,14207.82
TXN2656,2022-11-26,2022,11,Q4,East,Zone C,Distributor,Neurology,Pregabalin 75mg,464,775.98,384.9,360054.72,181461.12
TXN2657,2022-06-01,2022,6,Q2,South,Zone B,Retail Pharmacy,Diabetes,Sitagliptin 50mg,436,233.07,144.2,101618.52,38747.32
TXN2658,2022-10-10,2022,10,Q4,West,Zone D,Hospital,Cardiovascular,Amlodipine 5mg,185,749.72,354.28,138698.2,73156.4
TXN2659,2023-01-20,2023,1,Q1,South,Zone B,Retail Pharmacy,Neurology,Pregabalin 75mg,191,608.23,328.5,116171.93,53428.43
TXN2660,2022-01-21,2022,1,Q1,West,Zone D,Hospital,Diabetes,Glipizide 5mg,443,503.8,305.6,223183.4,87802.6
TXN2661,2022-04-19,2022,4,Q2,West,Zone D,Hospital,Respiratory,Montelukast 10mg,303,792.42,413.69,240103.26,114755.19
TXN2662,2022-06-03,2022,6,Q2,West,Zone D,Distributor,Diabetes,Sitagliptin 50mg,72,240.41,151.24,17309.52,6420.24
TXN2663,2023-09-06,2023,9,Q3,West,Zone D,Distributor,Respiratory,Salbutamol Inhaler,344,389.42,258.71,133960.48,44964.24
TXN2664,2022-07-10,2022,7,Q3,West,Zone D,Retail Pharmacy,Respiratory,Montelukast 10mg,303,717.47,468.94,217393.41,75304.59
TXN2665,2023-09-07,2023,9,Q3,South,Zone B,Hospital,Neurology,Pregabalin 75mg,242,361.94,177.93,87589.48,44530.42
TXN2666,2023-05-14,2023,5,Q2,East,Zone C,Distributor,Oncology,Capecitabine 500mg,308,578.06,276.33,178042.48,92932.84
TXN2667,2022-08-05,2022,8,Q3,West,Zone D,Retail Pharmacy,Diabetes,Metformin 500mg,402,492.03,297.81,197796.06,78076.44
TXN2668,2022-07-22,2022,7,Q3,West,Zone D,Distributor,Neurology,Pregabalin 75mg,286,398.3,257.0,113913.8,40411.8
TXN2669,2022-11-03,2022,11,Q4,East,Zone C,Hospital,Diabetes,Glipizide 5mg,391,458.76,214.32,179375.16,95576.04
TXN2670,2022-09-10,2022,9,Q3,South,Zone B,Distributor,Oncology,Imatinib 100mg,297,63.28,41.67,18794.16,6418.17
TXN2671,2023-08-14,2023,8,Q3,East,Zone C,Retail Pharmacy,Cardiovascular,Amlodipine 5mg,447,125.52,66.16,56107.44,26533.92
TXN2672,2023-09-17,2023,9,Q3,North,Zone A,Hospital,Cardiovascular,Telmisartan 40mg,81,302.28,181.86,24484.68,9754.02
TXN2673,2023-06-09,2023,6,Q2,East,Zone C,Distributor,Respiratory,Salbutamol Inhaler,481,351.22,227.94,168936.82,59297.68
TXN2674,2023-08-13,2023,8,Q3,West,Zone D,Hospital,Respiratory,Montelukast 10mg,414,790.99,502.33,327469.86,119505.24
TXN2675,2022-05-02,2022,5,Q2,East,Zone C,Distributor,Neurology,Pregabalin 75mg,380,456.65,304.47,173527.0,57828.4
TXN2676,2022-10-21,2022,10,Q4,South,Zone B,Distributor,Respiratory,Montelukast 10mg,358,567.11,391.56,203025.38,62846.9
TXN2677,2022-03-21,2022,3,Q1,South,Zone B,Hospital,Cardiovascular,Atorvastatin 10mg,210,133.73,71.89,28083.3,12986.4
TXN2678,2023-04-14,2023,4,Q2,North,Zone A,Retail Pharmacy,Oncology,Capecitabine 500mg,352,457.65,298.46,161092.8,56034.88
TXN2679,2022-07-06,2022,7,Q3,North,Zone A,Distributor,Diabetes,Metformin 500mg,328,81.53,47.24,26741.84,11247.12
TXN2680,2023-12-23,2023,12,Q4,East,Zone C,Hospital,Respiratory,Montelukast 10mg,372,331.74,146.73,123407.28,68823.72
TXN2681,2022-02-08,2022,2,Q1,North,Zone A,Distributor,Diabetes,Sitagliptin 50mg,355,477.79,299.55,169615.45,63275.2
TXN2682,2023-10-19,2023,10,Q4,West,Zone D,Retail Pharmacy,Cardiovascular,Amlodipine 5mg,69,139.55,88.6,9628.95,3515.55
TXN2683,2023-07-04,2023,7,Q3,South,Zone B,Distributor,Neurology,Pregabalin 75mg,73,581.11,377.62,42421.03,14854.77
TXN2684,2023-01-19,2023,1,Q1,South,Zone B,Retail Pharmacy,Diabetes,Sitagliptin 50mg,421,367.92,203.37,154894.32,69275.55
TXN2685,2023-07-16,2023,7,Q3,South,Zone B,Distributor,Cardiovascular,Telmisartan 40mg,472,681.48,367.42,321658.56,148236.32
TXN2686,2022-05-25,2022,5,Q2,North,Zone A,Hospital,Respiratory,Montelukast 10mg,389,141.72,92.77,55129.08,19041.55
TXN2687,2022-06-03,2022,6,Q2,East,Zone C,Hospital,Respiratory,Montelukast 10mg,55,656.27,314.37,36094.85,18804.5
TXN2688,2023-07-03,2023,7,Q3,West,Zone D,Retail Pharmacy,Respiratory,Montelukast 10mg,258,115.28,56.03,29742.24,15286.5
TXN2689,2022-02-26,2022,2,Q1,East,Zone C,Retail Pharmacy,Diabetes,Metformin 500mg,495,559.88,360.17,277140.6,98856.45
TXN2690,2023-04-24,2023,4,Q2,South,Zone B,Hospital,Respiratory,Salbutamol Inhaler,191,83.42,53.0,15933.22,5810.22
TXN2691,2023-01-18,2023,1,Q1,North,Zone A,Retail Pharmacy,Respiratory,Montelukast 10mg,118,704.6,450.31,83142.8,30006.22
TXN2692,2022-08-13,2022,8,Q3,North,Zone A,Distributor,Respiratory,Montelukast 10mg,250,762.47,489.27,190617.5,68300.0
TXN2693,2023-03-10,2023,3,Q1,North,Zone A,Hospital,Respiratory,Salbutamol Inhaler,335,339.29,227.69,113662.15,37386.0
TXN2694,2023-08-18,2023,8,Q3,South,Zone B,Distributor,Cardiovascular,Telmisartan 40mg,472,291.03,119.69,137366.16,80872.48
TXN2695,2022-04-13,2022,4,Q2,East,Zone C,Retail Pharmacy,Cardiovascular,Telmisartan 40mg,201,87.44,38.01,17575.44,9935.43
TXN2696,2023-12-16,2023,12,Q4,East,Zone C,Distributor,Diabetes,Metformin 500mg,449,487.82,236.34,219031.18,112914.52
TXN2697,2022-12-01,2022,12,Q4,West,Zone D,Retail Pharmacy,Oncology,Capecitabine 500mg,343,626.06,407.44,214738.58,74986.66
TXN2698,2023-10-25,2023,10,Q4,West,Zone D,Retail Pharmacy,Oncology,Capecitabine 500mg,160,337.15,188.1,53944.0,23848.0
TXN2699,2022-02-17,2022,2,Q1,East,Zone C,Retail Pharmacy,Cardiovascular,Atorvastatin 10mg,142,717.27,417.89,101852.34,42511.96
TXN2700,2022-12-26,2022,12,Q4,East,Zone C,Hospital,Respiratory,Salbutamol Inhaler,285,453.87,302.98,129352.95,43003.65
TXN2701,2023-06-03,2023,6,Q2,South,Zone B,Hospital,Respiratory,Montelukast 10mg,100,571.85,391.91,57185.0,17994.0
TXN2702,2022-11-02,2022,11,Q4,South,Zone B,Retail Pharmacy,Cardiovascular,Amlodipine 5mg,306,794.19,412.21,243022.14,116885.88
TXN2703,2022-02-26,2022,2,Q1,South,Zone B,Distributor,Oncology,Imatinib 100mg,89,213.7,96.01,19019.3,10474.41
TXN2704,2022-11-09,2022,11,Q4,North,Zone A,Distributor,Neurology,Levetiracetam 250mg,330,138.8,87.0,45804.0,17094.0
TXN2705,2022-05-20,2022,5,Q2,South,Zone B,Hospital,Neurology,Pregabalin 75mg,321,264.25,174.25,84824.25,28890.0
TXN2706,2022-04-17,2022,4,Q2,East,Zone C,Distributor,Respiratory,Salbutamol Inhaler,332,117.41,51.61,38980.12,21845.6
TXN2707,2022-02-23,2022,2,Q1,South,Zone B,Hospital,Diabetes,Sitagliptin 50mg,446,762.12,532.74,339905.52,102303.48
TXN2708,2022-12-13,2022,12,Q4,South,Zone B,Hospital,Diabetes,Sitagliptin 50mg,319,470.79,242.54,150182.01,72811.75
TXN2709,2022-05-03,2022,5,Q2,North,Zone A,Retail Pharmacy,Diabetes,Glipizide 5mg,253,140.81,92.85,35624.93,12133.88
TXN2710,2022-05-06,2022,5,Q2,West,Zone D,Distributor,Diabetes,Metformin 500mg,332,608.85,266.75,202138.2,113577.2
TXN2711,2022-05-18,2022,5,Q2,South,Zone B,Hospital,Neurology,Levetiracetam 250mg,323,387.01,237.07,125004.23,48430.62
TXN2712,2022-11-19,2022,11,Q4,North,Zone A,Hospital,Respiratory,Montelukast 10mg,493,378.5,186.31,186600.5,94749.67
TXN2713,2023-02-12,2023,2,Q1,West,Zone D,Hospital,Cardiovascular,Amlodipine 5mg,353,715.12,439.49,252437.36,97297.39
TXN2714,2022-01-15,2022,1,Q1,West,Zone D,Retail Pharmacy,Neurology,Levetiracetam 250mg,250,430.92,277.11,107730.0,38452.5
TXN2715,2022-06-07,2022,6,Q2,South,Zone B,Hospital,Cardiovascular,Amlodipine 5mg,412,473.97,224.95,195275.64,102596.24
TXN2716,2023-12-05,2023,12,Q4,West,Zone D,Distributor,Oncology,Imatinib 100mg,204,57.68,23.46,11766.72,6980.88
TXN2717,2023-10-26,2023,10,Q4,South,Zone B,Retail Pharmacy,Diabetes,Sitagliptin 50mg,303,145.57,82.05,44107.71,19246.56
TXN2718,2022-04-12,2022,4,Q2,West,Zone D,Hospital,Respiratory,Salbutamol Inhaler,141,584.14,250.25,82363.74,47078.49
TXN2719,2023-12-14,2023,12,Q4,West,Zone D,Distributor,Neurology,Pregabalin 75mg,378,663.66,266.59,250863.48,150092.46
TXN2720,2022-12-26,2022,12,Q4,East,Zone C,Hospital,Oncology,Imatinib 100mg,465,218.78,118.81,101732.7,46486.05
TXN2721,2023-08-19,2023,8,Q3,West,Zone D,Distributor,Cardiovascular,Amlodipine 5mg,223,794.88,555.18,177258.24,53453.1
TXN2722,2023-06-12,2023,6,Q2,North,Zone A,Distributor,Neurology,Levetiracetam 250mg,428,275.14,172.49,117759.92,43934.2
TXN2723,2022-05-16,2022,5,Q2,South,Zone B,Retail Pharmacy,Respiratory,Montelukast 10mg,208,617.47,304.33,128433.76,65133.12
TXN2724,2022-07-08,2022,7,Q3,East,Zone C,Distributor,Neurology,Pregabalin 75mg,134,654.46,287.43,87697.64,49182.02
TXN2725,2023-10-26,2023,10,Q4,South,Zone B,Distributor,Diabetes,Glipizide 5mg,451,739.65,414.17,333582.15,146791.48
TXN2726,2023-02-17,2023,2,Q1,East,Zone C,Retail Pharmacy,Respiratory,Salbutamol Inhaler,446,179.49,72.46,80052.54,47735.38
TXN2727,2023-03-25,2023,3,Q1,East,Zone C,Distributor,Cardiovascular,Telmisartan 40mg,133,72.93,50.39,9699.69,2997.82
TXN2728,2023-02-11,2023,2,Q1,West,Zone D,Retail Pharmacy,Respiratory,Montelukast 10mg,62,355.5,202.39,22041.0,9492.82
TXN2729,2022-09-24,2022,9,Q3,South,Zone B,Distributor,Cardiovascular,Amlodipine 5mg,499,656.83,447.66,327758.17,104375.83
TXN2730,2022-10-26,2022,10,Q4,West,Zone D,Hospital,Respiratory,Montelukast 10mg,197,390.81,211.92,76989.57,35241.33
TXN2731,2022-01-20,2022,1,Q1,East,Zone C,Retail Pharmacy,Neurology,Levetiracetam 250mg,448,256.23,113.13,114791.04,64108.8
TXN2732,2022-04-01,2022,4,Q2,North,Zone A,Hospital,Neurology,Pregabalin 75mg,184,139.15,91.13,25603.6,8835.68
TXN2733,2023-10-03,2023,10,Q4,West,Zone D,Hospital,Neurology,Levetiracetam 250mg,339,499.78,252.39,169425.42,83865.21
TXN2734,2022-12-07,2022,12,Q4,East,Zone C,Retail Pharmacy,Cardiovascular,Amlodipine 5mg,190,100.27,67.05,19051.3,6311.8
TXN2735,2022-12-12,2022,12,Q4,East,Zone C,Retail Pharmacy,Oncology,Capecitabine 500mg,283,576.3,361.28,163092.9,60850.66
TXN2736,2023-12-26,2023,12,Q4,East,Zone C,Retail Pharmacy,Respiratory,Montelukast 10mg,198,591.4,393.38,117097.2,39207.96
TXN2737,2022-12-23,2022,12,Q4,West,Zone D,Hospital,Oncology,Imatinib 100mg,264,681.69,440.99,179966.16,63544.8
TXN2738,2023-10-23,2023,10,Q4,North,Zone A,Retail Pharmacy,Neurology,Pregabalin 75mg,98,292.65,192.27,28679.7,9837.24
TXN2739,2023-08-16,2023,8,Q3,East,Zone C,Hospital,Cardiovascular,Amlodipine 5mg,457,171.97,88.81,78590.29,38004.12
TXN2740,2022-10-27,2022,10,Q4,West,Zone D,Hospital,Diabetes,Glipizide 5mg,415,736.92,356.16,305821.8,158015.4
TXN2741,2023-04-14,2023,4,Q2,North,Zone A,Hospital,Respiratory,Montelukast 10mg,152,180.04,77.33,27366.08,15611.92
TXN2742,2022-03-05,2022,3,Q1,South,Zone B,Retail Pharmacy,Diabetes,Metformin 500mg,102,674.17,440.84,68765.34,23799.66
TXN2743,2022-02-01,2022,2,Q1,West,Zone D,Distributor,Respiratory,Montelukast 10mg,396,168.37,74.28,66674.52,37259.64
TXN2744,2023-12-17,2023,12,Q4,West,Zone D,Hospital,Respiratory,Montelukast 10mg,289,514.01,274.04,148548.89,69351.33
TXN2745,2022-09-02,2022,9,Q3,South,Zone B,Retail Pharmacy,Diabetes,Sitagliptin 50mg,181,681.15,360.55,123288.15,58028.6
TXN2746,2022-05-27,2022,5,Q2,North,Zone A,Retail Pharmacy,Respiratory,Montelukast 10mg,302,163.52,70.48,49383.04,28098.08
TXN2747,2022-06-04,2022,6,Q2,North,Zone A,Distributor,Respiratory,Montelukast 10mg,308,181.42,114.73,55877.36,20540.52
TXN2748,2022-02-06,2022,2,Q1,North,Zone A,Distributor,Oncology,Imatinib 100mg,62,354.42,145.08,21974.04,12979.08
TXN2749,2023-07-08,2023,7,Q3,South,Zone B,Hospital,Cardiovascular,Atorvastatin 10mg,438,589.99,251.04,258415.62,148460.1
TXN2750,2023-05-22,2023,5,Q2,North,Zone A,Retail Pharmacy,Diabetes,Glipizide 5mg,144,784.44,539.66,112959.36,35248.32
TXN2751,2023-09-11,2023,9,Q3,East,Zone C,Hospital,Diabetes,Glipizide 5mg,50,518.22,218.59,25911.0,14981.5
TXN2752,2023-08-12,2023,8,Q3,South,Zone B,Distributor,Diabetes,Glipizide 5mg,496,482.69,316.87,239414.24,82246.72
TXN2753,2023-02-01,2023,2,Q1,South,Zone B,Retail Pharmacy,Oncology,Capecitabine 500mg,400,385.92,190.17,154368.0,78300.0
TXN2754,2022-11-23,2022,11,Q4,West,Zone D,Retail Pharmacy,Cardiovascular,Telmisartan 40mg,481,269.36,171.28,129562.16,47176.48
TXN2755,2022-11-11,2022,11,Q4,East,Zone C,Hospital,Diabetes,Metformin 500mg,476,68.1,39.71,32415.6,13513.64
TXN2756,2023-05-07,2023,5,Q2,West,Zone D,Retail Pharmacy,Oncology,Imatinib 100mg,368,258.32,128.89,95061.76,47630.24
TXN2757,2023-07-26,2023,7,Q3,South,Zone B,Distributor,Neurology,Levetiracetam 250mg,479,658.12,349.54,315239.48,147809.82
TXN2758,2022-03-17,2022,3,Q1,South,Zone B,Retail Pharmacy,Diabetes,Glipizide 5mg,499,144.04,65.81,71875.96,39036.77
TXN2759,2023-08-22,2023,8,Q3,East,Zone C,Distributor,Neurology,Levetiracetam 250mg,440,292.28,157.58,128603.2,59268.0
TXN2760,2022-07-08,2022,7,Q3,East,Zone C,Hospital,Oncology,Imatinib 100mg,317,592.99,354.95,187977.83,75458.68
TXN2761,2022-01-03,2022,1,Q1,North,Zone A,Hospital,Diabetes,Metformin 500mg,168,309.98,142.73,52076.64,28098.0
TXN2762,2022-05-06,2022,5,Q2,West,Zone D,Distributor,Oncology,Imatinib 100mg,102,461.94,222.61,47117.88,24411.66
TXN2763,2022-02-10,2022,2,Q1,North,Zone A,Hospital,Diabetes,Sitagliptin 50mg,486,189.88,86.05,92281.68,50461.38
TXN2764,2023-05-08,2023,5,Q2,West,Zone D,Retail Pharmacy,Diabetes,Sitagliptin 50mg,67,246.48,171.02,16514.16,5055.82
TXN2765,2023-01-22,2023,1,Q1,East,Zone C,Distributor,Neurology,Pregabalin 75mg,390,776.17,532.64,302706.3,94976.7
TXN2766,2022-10-14,2022,10,Q4,West,Zone D,Distributor,Cardiovascular,Atorvastatin 10mg,169,614.7,324.17,103884.3,49099.57
TXN2767,2022-01-20,2022,1,Q1,West,Zone D,Retail Pharmacy,Oncology,Capecitabine 500mg,452,300.65,166.98,135893.8,60418.84
TXN2768,2022-08-25,2022,8,Q3,East,Zone C,Retail Pharmacy,Respiratory,Salbutamol Inhaler,105,646.73,381.24,67906.65,27876.45
TXN2769,2023-11-01,2023,11,Q4,South,Zone B,Retail Pharmacy,Cardiovascular,Telmisartan 40mg,172,622.14,362.33,107008.08,44687.32
TXN2770,2023-10-01,2023,10,Q4,East,Zone C,Distributor,Cardiovascular,Amlodipine 5mg,189,552.64,250.1,104448.96,57180.06
TXN2771,2023-01-17,2023,1,Q1,North,Zone A,Hospital,Cardiovascular,Atorvastatin 10mg,121,147.05,69.92,17793.05,9332.73
TXN2772,2022-12-22,2022,12,Q4,East,Zone C,Retail Pharmacy,Oncology,Capecitabine 500mg,256,439.57,279.04,112529.92,41095.68
TXN2773,2022-03-13,2022,3,Q1,South,Zone B,Retail Pharmacy,Diabetes,Metformin 500mg,319,223.38,112.39,71258.22,35405.81
TXN2774,2023-06-24,2023,6,Q2,North,Zone A,Hospital,Neurology,Levetiracetam 250mg,483,323.79,214.94,156390.57,52574.55
TXN2775,2023-03-08,2023,3,Q1,South,Zone B,Distributor,Oncology,Imatinib 100mg,267,504.15,274.98,134608.05,61188.39
TXN2776,2023-03-19,2023,3,Q1,West,Zone D,Hospital,Respiratory,Montelukast 10mg,486,360.06,151.87,174989.16,101180.34
TXN2777,2023-09-06,2023,9,Q3,North,Zone A,Hospital,Cardiovascular,Telmisartan 40mg,200,729.58,333.18,145916.0,79280.0
TXN2778,2023-04-13,2023,4,Q2,South,Zone B,Retail Pharmacy,Cardiovascular,Amlodipine 5mg,377,654.26,293.43,246656.02,136032.91
TXN2779,2022-05-23,2022,5,Q2,East,Zone C,Hospital,Cardiovascular,Amlodipine 5mg,205,781.58,517.13,160223.9,54212.25
TXN2780,2023-03-26,2023,3,Q1,North,Zone A,Distributor,Diabetes,Sitagliptin 50mg,165,588.7,282.24,97135.5,50565.9
TXN2781,2022-10-26,2022,10,Q4,East,Zone C,Hospital,Oncology,Capecitabine 500mg,110,145.81,58.54,16039.1,9599.7
TXN2782,2023-09-17,2023,9,Q3,South,Zone B,Distributor,Cardiovascular,Atorvastatin 10mg,387,125.21,62.71,48456.27,24187.5
TXN2783,2023-01-25,2023,1,Q1,West,Zone D,Distributor,Neurology,Levetiracetam 250mg,394,253.45,148.14,99859.3,41492.14
TXN2784,2022-11-17,2022,11,Q4,West,Zone D,Retail Pharmacy,Respiratory,Montelukast 10mg,365,503.86,295.13,183908.9,76186.45
TXN2785,2022-04-04,2022,4,Q2,West,Zone D,Hospital,Neurology,Pregabalin 75mg,65,691.7,469.1,44960.5,14469.0
TXN2786,2022-01-01,2022,1,Q1,East,Zone C,Hospital,Cardiovascular,Telmisartan 40mg,420,777.56,466.81,326575.2,130515.0
TXN2787,2023-01-04,2023,1,Q1,East,Zone C,Distributor,Respiratory,Salbutamol Inhaler,481,292.0,166.87,140452.0,60187.53
TXN2788,2023-01-12,2023,1,Q1,East,Zone C,Hospital,Neurology,Levetiracetam 250mg,123,377.58,234.91,46442.34,17548.41
TXN2789,2022-02-26,2022,2,Q1,North,Zone A,Hospital,Diabetes,Glipizide 5mg,354,139.44,94.43,49361.76,15933.54
TXN2790,2022-06-09,2022,6,Q2,North,Zone A,Distributor,Neurology,Levetiracetam 250mg,297,713.54,459.99,211921.38,75304.35
TXN2791,2022-03-12,2022,3,Q1,West,Zone D,Retail Pharmacy,Oncology,Capecitabine 500mg,85,534.28,371.71,45413.8,13818.45
TXN2792,2023-03-21,2023,3,Q1,South,Zone B,Retail Pharmacy,Cardiovascular,Atorvastatin 10mg,290,370.59,193.86,107471.1,51251.7
TXN2793,2023-01-24,2023,1,Q1,South,Zone B,Hospital,Oncology,Capecitabine 500mg,268,499.38,214.08,133833.84,76460.4
TXN2794,2023-11-09,2023,11,Q4,West,Zone D,Hospital,Oncology,Capecitabine 500mg,432,791.88,527.9,342092.16,114039.36
TXN2795,2023-07-16,2023,7,Q3,North,Zone A,Distributor,Diabetes,Glipizide 5mg,455,692.9,355.12,315269.5,153689.9
TXN2796,2022-10-08,2022,10,Q4,North,Zone A,Distributor,Oncology,Imatinib 100mg,54,730.23,487.94,39432.42,13083.66
TXN2797,2023-07-19,2023,7,Q3,North,Zone A,Distributor,Diabetes,Glipizide 5mg,273,101.18,48.75,27622.14,14313.39
TXN2798,2022-01-01,2022,1,Q1,South,Zone B,Distributor,Respiratory,Salbutamol Inhaler,101,146.44,62.59,14790.44,8468.85
TXN2799,2022-08-13,2022,8,Q3,East,Zone C,Hospital,Neurology,Levetiracetam 250mg,280,569.59,262.01,159485.2,86122.4
TXN2800,2022-01-01,2022,1,Q1,West,Zone D,Distributor,Respiratory,Salbutamol Inhaler,210,698.54,293.47,146693.4,85064.7
TXN2801,2023-09-22,2023,9,Q3,West,Zone D,Hospital,Respiratory,Salbutamol Inhaler,291,542.11,355.88,157754.01,54192.93
TXN2802,2022-04-09,2022,4,Q2,South,Zone B,Retail Pharmacy,Diabetes,Sitagliptin 50mg,51,658.37,416.15,33576.87,12353.22
TXN2803,2023-12-15,2023,12,Q4,South,Zone B,Retail Pharmacy,Oncology,Imatinib 100mg,453,87.66,51.07,39709.98,16575.27
TXN2804,2022-08-21,2022,8,Q3,West,Zone D,Hospital,Cardiovascular,Amlodipine 5mg,268,87.61,45.47,23479.48,11293.52
TXN2805,2023-04-15,2023,4,Q2,West,Zone D,Distributor,Cardiovascular,Telmisartan 40mg,468,569.96,334.84,266741.28,110036.16
TXN2806,2023-06-01,2023,6,Q2,South,Zone B,Hospital,Diabetes,Metformin 500mg,499,392.08,181.02,195647.92,105318.94
TXN2807,2023-08-25,2023,8,Q3,West,Zone D,Retail Pharmacy,Neurology,Pregabalin 75mg,114,562.06,383.45,64074.84,20361.54
TXN2808,2023-12-14,2023,12,Q4,West,Zone D,Retail Pharmacy,Cardiovascular,Telmisartan 40mg,288,602.82,241.8,173612.16,103973.76
TXN2809,2022-07-15,2022,7,Q3,West,Zone D,Distributor,Respiratory,Salbutamol Inhaler,114,277.89,156.22,31679.46,13870.38
TXN2810,2022-11-15,2022,11,Q4,East,Zone C,Retail Pharmacy,Diabetes,Metformin 500mg,88,784.43,467.9,69029.84,27854.64
TXN2811,2022-03-18,2022,3,Q1,East,Zone C,Hospital,Neurology,Pregabalin 75mg,348,689.86,423.92,240071.28,92547.12
TXN2812,2022-05-01,2022,5,Q2,North,Zone A,Retail Pharmacy,Cardiovascular,Amlodipine 5mg,73,399.48,241.17,29162.04,11556.63
TXN2813,2022-10-18,2022,10,Q4,North,Zone A,Hospital,Neurology,Levetiracetam 250mg,175,534.44,371.86,93527.0,28451.5
TXN2814,2022-04-08,2022,4,Q2,West,Zone D,Retail Pharmacy,Respiratory,Montelukast 10mg,289,326.02,167.14,94219.78,45916.32
TXN2815,2023-10-16,2023,10,Q4,South,Zone B,Hospital,Respiratory,Montelukast 10mg,437,734.93,345.12,321164.41,170346.97
TXN2816,2022-12-02,2022,12,Q4,South,Zone B,Distributor,Neurology,Levetiracetam 250mg,278,571.22,281.34,158799.16,80586.64
TXN2817,2023-11-18,2023,11,Q4,South,Zone B,Retail Pharmacy,Neurology,Levetiracetam 250mg,69,318.72,135.7,21991.68,12628.38
TXN2818,2022-05-22,2022,5,Q2,East,Zone C,Distributor,Respiratory,Salbutamol Inhaler,172,792.58,501.97,136323.76,49984.92
TXN2819,2022-03-25,2022,3,Q1,South,Zone B,Retail Pharmacy,Diabetes,Glipizide 5mg,312,463.5,269.58,144612.0,60503.04
TXN2820,2022-02-09,2022,2,Q1,East,Zone C,Distributor,Respiratory,Salbutamol Inhaler,90,561.14,283.28,50502.6,25007.4
TXN2821,2023-02-03,2023,2,Q1,East,Zone C,Retail Pharmacy,Diabetes,Sitagliptin 50mg,129,61.79,33.2,7970.91,3688.11
TXN2822,2023-09-20,2023,9,Q3,East,Zone C,Retail Pharmacy,Diabetes,Sitagliptin 50mg,302,644.68,413.45,194693.36,69831.46
TXN2823,2023-07-21,2023,7,Q3,South,Zone B,Retail Pharmacy,Diabetes,Glipizide 5mg,325,794.13,473.84,258092.25,104094.25
TXN2824,2022-07-22,2022,7,Q3,West,Zone D,Distributor,Neurology,Levetiracetam 250mg,253,190.11,113.4,48097.83,19407.63
TXN2825,2023-03-25,2023,3,Q1,South,Zone B,Distributor,Oncology,Imatinib 100mg,475,291.01,202.8,138229.75,41899.75
TXN2826,2022-05-04,2022,5,Q2,North,Zone A,Hospital,Oncology,Capecitabine 500mg,385,789.77,416.68,304061.45,143639.65
TXN2827,2023-03-18,2023,3,Q1,South,Zone B,Distributor,Respiratory,Salbutamol Inhaler,300,353.02,142.92,105906.0,63030.0
TXN2828,2023-07-10,2023,7,Q3,East,Zone C,Distributor,Respiratory,Salbutamol Inhaler,410,193.92,115.57,79507.2,32123.5
TXN2829,2022-05-20,2022,5,Q2,West,Zone D,Hospital,Respiratory,Montelukast 10mg,409,590.85,281.58,241657.65,126491.43
TXN2830,2023-06-05,2023,6,Q2,East,Zone C,Hospital,Oncology,Imatinib 100mg,429,213.3,101.75,91505.7,47854.95
TXN2831,2022-08-09,2022,8,Q3,North,Zone A,Hospital,Respiratory,Salbutamol Inhaler,272,695.85,379.88,189271.2,85943.84
TXN2832,2022-10-11,2022,10,Q4,East,Zone C,Distributor,Respiratory,Montelukast 10mg,103,526.24,302.26,54202.72,23069.94
TXN2833,2023-07-14,2023,7,Q3,South,Zone B,Retail Pharmacy,Oncology,Capecitabine 500mg,486,554.53,352.28,269501.58,98293.5
TXN2834,2022-06-08,2022,6,Q2,South,Zone B,Distributor,Respiratory,Salbutamol Inhaler,255,544.65,307.34,138885.75,60514.05
TXN2835,2022-11-16,2022,11,Q4,West,Zone D,Hospital,Respiratory,Salbutamol Inhaler,324,121.83,54.59,39472.92,21785.76
TXN2836,2023-06-14,2023,6,Q2,East,Zone C,Distributor,Neurology,Pregabalin 75mg,308,103.92,61.35,32007.36,13111.56
TXN2837,2022-08-26,2022,8,Q3,West,Zone D,Retail Pharmacy,Respiratory,Salbutamol Inhaler,228,529.02,273.13,120616.56,58342.92
TXN2838,2022-06-01,2022,6,Q2,South,Zone B,Distributor,Diabetes,Metformin 500mg,97,631.47,404.45,61252.59,22020.94
TXN2839,2023-04-17,2023,4,Q2,West,Zone D,Hospital,Oncology,Capecitabine 500mg,309,665.51,356.28,205642.59,95552.07
TXN2840,2023-04-08,2023,4,Q2,North,Zone A,Retail Pharmacy,Neurology,Pregabalin 75mg,76,252.5,103.65,19190.0,11312.6
TXN2841,2022-08-24,2022,8,Q3,North,Zone A,Hospital,Neurology,Pregabalin 75mg,295,669.81,383.76,197593.95,84384.75
TXN2842,2023-09-04,2023,9,Q3,West,Zone D,Retail Pharmacy,Neurology,Pregabalin 75mg,197,592.23,311.45,116669.31,55313.66
TXN2843,2022-05-11,2022,5,Q2,East,Zone C,Hospital,Cardiovascular,Atorvastatin 10mg,342,603.64,330.21,206444.88,93513.06
TXN2844,2023-05-24,2023,5,Q2,West,Zone D,Distributor,Neurology,Levetiracetam 250mg,271,180.46,117.81,48904.66,16978.15
TXN2845,2023-10-14,2023,10,Q4,North,Zone A,Hospital,Cardiovascular,Amlodipine 5mg,307,254.62,113.95,78168.34,43185.69
TXN2846,2023-02-12,2023,2,Q1,North,Zone A,Hospital,Respiratory,Montelukast 10mg,478,570.05,384.85,272483.9,88525.6
TXN2847,2023-02-10,2023,2,Q1,East,Zone C,Distributor,Respiratory,Salbutamol Inhaler,212,683.71,463.05,144946.52,46779.92
TXN2848,2022-07-22,2022,7,Q3,West,Zone D,Retail Pharmacy,Diabetes,Sitagliptin 50mg,441,376.32,210.97,165957.12,72919.35
TXN2849,2022-10-06,2022,10,Q4,North,Zone A,Hospital,Oncology,Imatinib 100mg,169,127.26,53.65,21506.94,12440.09
TXN2850,2023-12-21,2023,12,Q4,North,Zone A,Hospital,Neurology,Pregabalin 75mg,84,270.76,170.31,22743.84,8437.8
TXN2851,2023-07-04,2023,7,Q3,South,Zone B,Retail Pharmacy,Respiratory,Salbutamol Inhaler,448,207.82,115.63,93103.36,41301.12
TXN2852,2022-12-06,2022,12,Q4,West,Zone D,Hospital,Oncology,Capecitabine 500mg,349,493.65,306.17,172283.85,65430.52
TXN2853,2022-04-25,2022,4,Q2,North,Zone A,Distributor,Diabetes,Metformin 500mg,121,751.93,331.67,90983.53,50851.46
TXN2854,2023-02-08,2023,2,Q1,South,Zone B,Distributor,Cardiovascular,Atorvastatin 10mg,468,707.77,321.53,331236.36,180760.32
TXN2855,2023-06-10,2023,6,Q2,East,Zone C,Retail Pharmacy,Neurology,Pregabalin 75mg,352,175.71,105.17,61849.92,24830.08
TXN2856,2022-01-09,2022,1,Q1,North,Zone A,Hospital,Oncology,Imatinib 100mg,448,112.53,73.28,50413.44,17584.0
TXN2857,2022-09-18,2022,9,Q3,West,Zone D,Hospital,Neurology,Pregabalin 75mg,80,744.64,479.13,59571.2,21240.8
TXN2858,2023-11-02,2023,11,Q4,West,Zone D,Hospital,Diabetes,Glipizide 5mg,73,295.4,173.86,21564.2,8872.42
TXN2859,2023-08-24,2023,8,Q3,East,Zone C,Distributor,Diabetes,Sitagliptin 50mg,134,742.38,463.56,99478.92,37361.88
TXN2860,2023-01-08,2023,1,Q1,South,Zone B,Retail Pharmacy,Respiratory,Salbutamol Inhaler,194,458.93,254.66,89032.42,39628.38
TXN2861,2022-09-05,2022,9,Q3,East,Zone C,Hospital,Neurology,Levetiracetam 250mg,160,672.06,430.51,107529.6,38648.0
TXN2862,2023-10-04,2023,10,Q4,West,Zone D,Distributor,Cardiovascular,Amlodipine 5mg,334,210.01,104.5,70143.34,35240.34
TXN2863,2022-12-01,2022,12,Q4,North,Zone A,Distributor,Respiratory,Salbutamol Inhaler,485,459.28,270.19,222750.8,91708.65
TXN2864,2022-01-22,2022,1,Q1,North,Zone A,Distributor,Diabetes,Sitagliptin 50mg,236,509.78,329.4,120308.08,42569.68
TXN2865,2023-10-24,2023,10,Q4,North,Zone A,Retail Pharmacy,Diabetes,Glipizide 5mg,374,510.59,235.84,190960.66,102756.5
TXN2866,2022-04-19,2022,4,Q2,South,Zone B,Distributor,Respiratory,Montelukast 10mg,454,457.03,292.36,207491.62,74760.18
TXN2867,2023-12-21,2023,12,Q4,South,Zone B,Retail Pharmacy,Oncology,Imatinib 100mg,339,269.54,121.91,91374.06,50046.57
TXN2868,2022-06-20,2022,6,Q2,North,Zone A,Distributor,Cardiovascular,Amlodipine 5mg,178,256.63,132.04,45680.14,22177.02
TXN2869,2023-01-22,2023,1,Q1,South,Zone B,Distributor,Cardiovascular,Amlodipine 5mg,222,608.17,382.86,135013.74,50018.82
TXN2870,2022-06-18,2022,6,Q2,East,Zone C,Distributor,Respiratory,Montelukast 10mg,332,497.5,241.89,165170.0,84862.52
TXN2871,2022-05-15,2022,5,Q2,East,Zone C,Hospital,Neurology,Levetiracetam 250mg,244,125.86,80.26,30709.84,11126.4
TXN2872,2023-07-15,2023,7,Q3,South,Zone B,Retail Pharmacy,Oncology,Capecitabine 500mg,194,268.58,176.29,52104.52,17904.26
TXN2873,2023-10-13,2023,10,Q4,South,Zone B,Distributor,Diabetes,Glipizide 5mg,200,760.08,321.83,152016.0,87650.0
TXN2874,2022-12-10,2022,12,Q4,West,Zone D,Hospital,Neurology,Pregabalin 75mg,372,566.08,389.42,210581.76,65717.52
TXN2875,2023-03-07,2023,3,Q1,East,Zone C,Hospital,Oncology,Imatinib 100mg,97,457.08,314.03,44336.76,13875.85
TXN2876,2022-11-06,2022,11,Q4,East,Zone C,Distributor,Diabetes,Glipizide 5mg,56,707.64,395.04,39627.84,17505.6
TXN2877,2022-01-21,2022,1,Q1,South,Zone B,Retail Pharmacy,Oncology,Capecitabine 500mg,195,300.68,206.85,58632.6,18296.85
TXN2878,2023-04-03,2023,4,Q2,East,Zone C,Distributor,Oncology,Capecitabine 500mg,185,305.08,138.39,56439.8,30837.65
TXN2879,2022-09-12,2022,9,Q3,East,Zone C,Distributor,Oncology,Capecitabine 500mg,490,328.38,138.78,160906.2,92904.0
TXN2880,2023-12-04,2023,12,Q4,East,Zone C,Retail Pharmacy,Respiratory,Salbutamol Inhaler,450,459.89,212.27,206950.5,111429.0
TXN2881,2023-09-09,2023,9,Q3,South,Zone B,Distributor,Cardiovascular,Telmisartan 40mg,435,103.91,49.93,45200.85,23481.3
TXN2882,2022-01-27,2022,1,Q1,South,Zone B,Retail Pharmacy,Oncology,Imatinib 100mg,360,586.33,320.2,211078.8,95806.8
TXN2883,2023-03-15,2023,3,Q1,West,Zone D,Distributor,Diabetes,Metformin 500mg,256,300.05,150.49,76812.8,38287.36
TXN2884,2023-07-26,2023,7,Q3,South,Zone B,Retail Pharmacy,Diabetes,Metformin 500mg,438,724.57,461.73,317361.66,115123.92
TXN2885,2023-10-19,2023,10,Q4,West,Zone D,Distributor,Cardiovascular,Amlodipine 5mg,250,687.16,377.9,171790.0,77315.0
TXN2886,2022-06-23,2022,6,Q2,South,Zone B,Retail Pharmacy,Respiratory,Salbutamol Inhaler,182,369.79,252.14,67301.78,21412.3
TXN2887,2022-04-23,2022,4,Q2,East,Zone C,Distributor,Neurology,Levetiracetam 250mg,73,473.75,314.78,34583.75,11604.81
TXN2888,2023-12-12,2023,12,Q4,West,Zone D,Retail Pharmacy,Diabetes,Sitagliptin 50mg,391,325.03,190.64,127086.73,52546.49
TXN2889,2023-09-12,2023,9,Q3,West,Zone D,Distributor,Respiratory,Montelukast 10mg,96,647.81,391.6,62189.76,24596.16
TXN2890,2022-02-13,2022,2,Q1,West,Zone D,Retail Pharmacy,Cardiovascular,Telmisartan 40mg,173,481.3,219.85,83264.9,45230.85
TXN2891,2023-01-17,2023,1,Q1,South,Zone B,Retail Pharmacy,Respiratory,Montelukast 10mg,300,140.42,61.22,42126.0,23760.0
TXN2892,2022-05-20,2022,5,Q2,East,Zone C,Retail Pharmacy,Neurology,Pregabalin 75mg,153,87.35,39.67,13364.55,7295.04
TXN2893,2022-07-14,2022,7,Q3,South,Zone B,Hospital,Oncology,Capecitabine 500mg,160,759.17,329.54,121467.2,68740.8
TXN2894,2022-04-19,2022,4,Q2,North,Zone A,Distributor,Cardiovascular,Amlodipine 5mg,180,269.95,182.58,48591.0,15726.6
TXN2895,2023-09-25,2023,9,Q3,South,Zone B,Hospital,Oncology,Capecitabine 500mg,320,731.1,499.68,233952.0,74054.4
TXN2896,2022-10-03,2022,10,Q4,East,Zone C,Hospital,Neurology,Pregabalin 75mg,63,438.81,185.39,27645.03,15965.46
TXN2897,2022-08-09,2022,8,Q3,West,Zone D,Distributor,Cardiovascular,Atorvastatin 10mg,309,792.38,431.59,244845.42,111484.11
TXN2898,2023-04-22,2023,4,Q2,West,Zone D,Distributor,Diabetes,Sitagliptin 50mg,251,195.44,92.05,49055.44,25950.89
TXN2899,2023-08-13,2023,8,Q3,East,Zone C,Hospital,Cardiovascular,Atorvastatin 10mg,192,211.88,138.57,40680.96,14075.52
TXN2900,2022-07-05,2022,7,Q3,North,Zone A,Retail Pharmacy,Cardiovascular,Atorvastatin 10mg,353,257.1,121.85,90756.3,47743.25
TXN2901,2022-07-27,2022,7,Q3,East,Zone C,Retail Pharmacy,Diabetes,Glipizide 5mg,159,523.54,247.44,83242.86,43899.9
TXN2902,2022-01-06,2022,1,Q1,West,Zone D,Distributor,Diabetes,Glipizide 5mg,104,278.7,141.59,28984.8,14259.44
TXN2903,2022-01-01,2022,1,Q1,North,Zone A,Distributor,Cardiovascular,Telmisartan 40mg,404,453.0,241.56,183012.0,85421.76
TXN2904,2023-08-15,2023,8,Q3,East,Zone C,Hospital,Neurology,Levetiracetam 250mg,281,369.5,219.27,103829.5,42214.63
TXN2905,2022-10-22,2022,10,Q4,South,Zone B,Retail Pharmacy,Diabetes,Glipizide 5mg,110,355.5,248.73,39105.0,11744.7
TXN2906,2023-12-22,2023,12,Q4,South,Zone B,Retail Pharmacy,Oncology,Capecitabine 500mg,88,234.57,134.46,20642.16,8809.68
TXN2907,2023-09-11,2023,9,Q3,East,Zone C,Distributor,Respiratory,Montelukast 10mg,454,501.03,292.1,227467.62,94854.22
TXN2908,2022-08-04,2022,8,Q3,West,Zone D,Hospital,Respiratory,Salbutamol Inhaler,290,185.8,104.66,53882.0,23530.6
TXN2909,2023-03-26,2023,3,Q1,East,Zone C,Distributor,Diabetes,Glipizide 5mg,143,240.09,121.7,34332.87,16929.77
TXN2910,2022-11-22,2022,11,Q4,South,Zone B,Retail Pharmacy,Neurology,Pregabalin 75mg,447,307.2,212.17,137318.4,42478.41
TXN2911,2023-04-24,2023,4,Q2,North,Zone A,Retail Pharmacy,Neurology,Pregabalin 75mg,254,696.88,448.05,177007.52,63202.82
TXN2912,2023-08-02,2023,8,Q3,North,Zone A,Retail Pharmacy,Respiratory,Montelukast 10mg,462,396.24,182.84,183062.88,98590.8
TXN2913,2023-01-13,2023,1,Q1,North,Zone A,Hospital,Cardiovascular,Amlodipine 5mg,496,63.65,40.78,31570.4,11343.52
TXN2914,2022-10-10,2022,10,Q4,North,Zone A,Hospital,Cardiovascular,Atorvastatin 10mg,180,115.83,62.99,20849.4,9511.2
TXN2915,2023-10-07,2023,10,Q4,West,Zone D,Retail Pharmacy,Cardiovascular,Atorvastatin 10mg,217,563.64,383.13,122309.88,39170.67
TXN2916,2022-01-18,2022,1,Q1,East,Zone C,Distributor,Diabetes,Sitagliptin 50mg,431,66.76,30.14,28773.56,15783.22
TXN2917,2023-10-01,2023,10,Q4,West,Zone D,Retail Pharmacy,Respiratory,Montelukast 10mg,121,510.09,267.08,61720.89,29404.21
TXN2918,2023-11-06,2023,11,Q4,West,Zone D,Distributor,Respiratory,Salbutamol Inhaler,158,395.95,214.51,62560.1,28667.52
TXN2919,2023-02-17,2023,2,Q1,West,Zone D,Distributor,Oncology,Imatinib 100mg,299,508.06,312.33,151909.94,58523.27
TXN2920,2022-01-27,2022,1,Q1,East,Zone C,Retail Pharmacy,Neurology,Pregabalin 75mg,272,112.19,48.31,30515.68,17375.36
TXN2921,2023-09-19,2023,9,Q3,South,Zone B,Retail Pharmacy,Neurology,Levetiracetam 250mg,161,274.34,172.16,44168.74,16450.98
TXN2922,2022-10-13,2022,10,Q4,North,Zone A,Retail Pharmacy,Respiratory,Montelukast 10mg,235,191.45,108.84,44990.75,19413.35
TXN2923,2022-08-05,2022,8,Q3,South,Zone B,Distributor,Oncology,Imatinib 100mg,106,214.53,133.07,22740.18,8634.76
TXN2924,2023-06-26,2023,6,Q2,East,Zone C,Hospital,Respiratory,Salbutamol Inhaler,367,84.45,36.61,30993.15,17557.28
TXN2925,2023-06-15,2023,6,Q2,North,Zone A,Retail Pharmacy,Respiratory,Salbutamol Inhaler,226,751.37,515.79,169809.62,53241.08
TXN2926,2023-12-20,2023,12,Q4,East,Zone C,Distributor,Oncology,Imatinib 100mg,174,469.01,307.2,81607.74,28154.94
TXN2927,2022-05-06,2022,5,Q2,South,Zone B,Distributor,Cardiovascular,Telmisartan 40mg,258,53.6,29.63,13828.8,6184.26
TXN2928,2022-03-14,2022,3,Q1,North,Zone A,Hospital,Diabetes,Sitagliptin 50mg,101,214.82,127.82,21696.82,8787.0
TXN2929,2022-09-18,2022,9,Q3,West,Zone D,Retail Pharmacy,Diabetes,Sitagliptin 50mg,90,523.67,221.83,47130.3,27165.6
TXN2930,2022-06-21,2022,6,Q2,East,Zone C,Retail Pharmacy,Neurology,Levetiracetam 250mg,435,621.16,378.21,270204.6,105683.25
TXN2931,2022-12-03,2022,12,Q4,South,Zone B,Retail Pharmacy,Diabetes,Glipizide 5mg,457,225.56,118.09,103080.92,49113.79
TXN2932,2023-06-09,2023,6,Q2,West,Zone D,Distributor,Diabetes,Sitagliptin 50mg,358,374.26,242.61,133985.08,47130.7
TXN2933,2022-04-19,2022,4,Q2,South,Zone B,Retail Pharmacy,Diabetes,Metformin 500mg,355,600.61,409.24,213216.55,67936.35
TXN2934,2023-05-16,2023,5,Q2,South,Zone B,Hospital,Cardiovascular,Atorvastatin 10mg,172,377.2,222.47,64878.4,26613.56
TXN2935,2023-08-18,2023,8,Q3,South,Zone B,Retail Pharmacy,Oncology,Imatinib 100mg,377,793.31,420.0,299077.87,140737.87
TXN2936,2023-07-09,2023,7,Q3,South,Zone B,Retail Pharmacy,Neurology,Levetiracetam 250mg,279,760.81,333.71,212265.99,119160.9
TXN2937,2023-09-11,2023,9,Q3,East,Zone C,Hospital,Oncology,Capecitabine 500mg,80,236.3,143.07,18904.0,7458.4
TXN2938,2023-12-26,2023,12,Q4,South,Zone B,Distributor,Neurology,Pregabalin 75mg,265,777.03,342.9,205912.95,115044.45
TXN2939,2023-04-27,2023,4,Q2,East,Zone C,Hospital,Oncology,Capecitabine 500mg,173,366.0,240.17,63318.0,21768.59
TXN2940,2023-05-16,2023,5,Q2,North,Zone A,Hospital,Cardiovascular,Atorvastatin 10mg,197,468.14,321.64,92223.58,28860.5
TXN2941,2023-02-23,2023,2,Q1,West,Zone D,Retail Pharmacy,Oncology,Imatinib 100mg,291,758.7,490.99,220781.7,77903.61
TXN2942,2022-08-10,2022,8,Q3,South,Zone B,Hospital,Diabetes,Metformin 500mg,418,334.58,217.96,139854.44,48747.16
TXN2943,2023-06-22,2023,6,Q2,South,Zone B,Retail Pharmacy,Cardiovascular,Amlodipine 5mg,135,711.91,334.87,96107.85,50900.4
TXN2944,2023-11-21,2023,11,Q4,West,Zone D,Hospital,Neurology,Pregabalin 75mg,367,434.54,213.68,159476.18,81055.62
TXN2945,2023-08-13,2023,8,Q3,West,Zone D,Retail Pharmacy,Cardiovascular,Atorvastatin 10mg,292,198.24,107.82,57886.08,26402.64
TXN2946,2022-11-10,2022,11,Q4,West,Zone D,Distributor,Cardiovascular,Atorvastatin 10mg,138,745.78,376.07,102917.64,51019.98
TXN2947,2022-03-13,2022,3,Q1,South,Zone B,Distributor,Oncology,Imatinib 100mg,355,674.2,362.58,239341.0,110625.1
TXN2948,2022-10-10,2022,10,Q4,East,Zone C,Retail Pharmacy,Diabetes,Metformin 500mg,126,692.28,341.3,87227.28,44223.48
TXN2949,2022-06-26,2022,6,Q2,North,Zone A,Distributor,Diabetes,Sitagliptin 50mg,217,281.32,169.87,61046.44,24184.65
TXN2950,2023-01-13,2023,1,Q1,North,Zone A,Distributor,Oncology,Capecitabine 500mg,405,426.28,285.76,172643.4,56910.6
TXN2951,2022-09-24,2022,9,Q3,East,Zone C,Distributor,Respiratory,Montelukast 10mg,303,76.66,53.6,23227.98,6987.18
TXN2952,2023-05-04,2023,5,Q2,West,Zone D,Hospital,Diabetes,Sitagliptin 50mg,478,317.13,162.28,151588.14,74018.3
TXN2953,2023-10-04,2023,10,Q4,West,Zone D,Retail Pharmacy,Respiratory,Montelukast 10mg,225,407.36,267.15,91656.0,31547.25
TXN2954,2022-08-02,2022,8,Q3,East,Zone C,Retail Pharmacy,Cardiovascular,Atorvastatin 10mg,235,475.37,318.4,111711.95,36887.95
TXN2955,2022-02-27,2022,2,Q1,North,Zone A,Hospital,Oncology,Imatinib 100mg,67,543.75,230.46,36431.25,20990.43
TXN2956,2023-10-23,2023,10,Q4,East,Zone C,Distributor,Respiratory,Montelukast 10mg,369,180.35,75.59,66549.15,38656.44
TXN2957,2023-03-07,2023,3,Q1,South,Zone B,Hospital,Cardiovascular,Amlodipine 5mg,442,461.54,251.23,204000.68,92957.02
TXN2958,2022-12-12,2022,12,Q4,South,Zone B,Hospital,Neurology,Levetiracetam 250mg,437,565.16,303.94,246974.92,114153.14
TXN2959,2023-12-14,2023,12,Q4,South,Zone B,Hospital,Cardiovascular,Telmisartan 40mg,228,680.27,296.92,155101.56,87403.8
TXN2960,2023-05-05,2023,5,Q2,North,Zone A,Retail Pharmacy,Cardiovascular,Amlodipine 5mg,307,594.71,329.06,182575.97,81554.55
TXN2961,2022-12-27,2022,12,Q4,North,Zone A,Retail Pharmacy,Oncology,Imatinib 100mg,374,677.28,411.11,253302.72,99547.58
TXN2962,2023-02-22,2023,2,Q1,North,Zone A,Hospital,Diabetes,Metformin 500mg,267,246.84,123.07,65906.28,33046.59
TXN2963,2022-05-08,2022,5,Q2,East,Zone C,Retail Pharmacy,Respiratory,Montelukast 10mg,455,201.72,104.17,91782.6,44385.25
TXN2964,2022-02-08,2022,2,Q1,South,Zone B,Distributor,Cardiovascular,Amlodipine 5mg,347,205.3,105.34,71239.1,34686.12
TXN2965,2022-10-07,2022,10,Q4,North,Zone A,Distributor,Diabetes,Glipizide 5mg,459,191.3,121.54,87806.7,32019.84
TXN2966,2023-07-20,2023,7,Q3,West,Zone D,Hospital,Respiratory,Salbutamol Inhaler,119,64.42,27.94,7665.98,4341.12
TXN2967,2022-03-17,2022,3,Q1,West,Zone D,Retail Pharmacy,Oncology,Imatinib 100mg,288,614.65,367.15,177019.2,71280.0
TXN2968,2023-09-13,2023,9,Q3,South,Zone B,Distributor,Neurology,Pregabalin 75mg,211,381.85,170.55,80570.35,44584.3
TXN2969,2023-08-04,2023,8,Q3,West,Zone D,Retail Pharmacy,Cardiovascular,Telmisartan 40mg,114,70.08,29.96,7989.12,4573.68
TXN2970,2023-08-14,2023,8,Q3,South,Zone B,Distributor,Diabetes,Sitagliptin 50mg,144,56.08,32.81,8075.52,3350.88
TXN2971,2022-03-14,2022,3,Q1,West,Zone D,Hospital,Cardiovascular,Atorvastatin 10mg,295,423.14,289.16,124826.3,39524.1
TXN2972,2022-09-18,2022,9,Q3,South,Zone B,Hospital,Cardiovascular,Amlodipine 5mg,309,331.91,225.14,102560.19,32991.93
TXN2973,2023-07-02,2023,7,Q3,East,Zone C,Retail Pharmacy,Oncology,Capecitabine 500mg,410,173.16,72.17,70995.6,41405.9
TXN2974,2023-11-18,2023,11,Q4,North,Zone A,Distributor,Diabetes,Glipizide 5mg,109,299.49,173.04,32644.41,13783.05
TXN2975,2022-07-08,2022,7,Q3,East,Zone C,Distributor,Respiratory,Montelukast 10mg,271,431.63,188.73,116971.73,65825.9
TXN2976,2023-03-07,2023,3,Q1,North,Zone A,Distributor,Diabetes,Sitagliptin 50mg,151,756.82,455.06,114279.82,45565.76
TXN2977,2023-12-04,2023,12,Q4,South,Zone B,Hospital,Neurology,Levetiracetam 250mg,68,112.41,75.83,7643.88,2487.44
TXN2978,2022-05-22,2022,5,Q2,West,Zone D,Distributor,Diabetes,Metformin 500mg,130,331.14,211.92,43048.2,15498.6
TXN2979,2023-02-26,2023,2,Q1,South,Zone B,Distributor,Diabetes,Metformin 500mg,257,89.5,59.67,23001.5,7666.31
TXN2980,2022-01-05,2022,1,Q1,West,Zone D,Hospital,Respiratory,Montelukast 10mg,68,724.92,365.67,49294.56,24429.0
TXN2981,2022-06-13,2022,6,Q2,West,Zone D,Distributor,Diabetes,Metformin 500mg,410,89.49,39.6,36690.9,20454.9
TXN2982,2023-04-26,2023,4,Q2,West,Zone D,Distributor,Neurology,Pregabalin 75mg,458,317.31,184.14,145327.98,60991.86
TXN2983,2022-08-26,2022,8,Q3,East,Zone C,Distributor,Cardiovascular,Atorvastatin 10mg,497,764.94,501.14,380175.18,131108.6
TXN2984,2022-07-03,2022,7,Q3,East,Zone C,Retail Pharmacy,Oncology,Imatinib 100mg,237,635.54,314.22,150622.98,76152.84
TXN2985,2022-02-20,2022,2,Q1,West,Zone D,Retail Pharmacy,Neurology,Pregabalin 75mg,387,778.87,395.42,301422.69,148395.15
TXN2986,2022-07-23,2022,7,Q3,North,Zone A,Hospital,Cardiovascular,Telmisartan 40mg,343,226.27,119.15,77610.61,36742.16
TXN2987,2023-11-06,2023,11,Q4,North,Zone A,Hospital,Neurology,Pregabalin 75mg,181,319.5,133.3,57829.5,33702.2
TXN2988,2022-03-21,2022,3,Q1,West,Zone D,Distributor,Cardiovascular,Atorvastatin 10mg,240,607.63,404.39,145831.2,48777.6
TXN2989,2022-11-18,2022,11,Q4,South,Zone B,Hospital,Diabetes,Sitagliptin 50mg,193,273.69,170.74,52822.17,19869.35
TXN2990,2023-01-20,2023,1,Q1,West,Zone D,Retail Pharmacy,Neurology,Levetiracetam 250mg,261,792.69,406.18,206892.09,100879.11
TXN2991,2022-10-07,2022,10,Q4,East,Zone C,Retail Pharmacy,Cardiovascular,Amlodipine 5mg,497,491.54,325.45,244295.38,82546.73
TXN2992,2023-06-16,2023,6,Q2,South,Zone B,Distributor,Neurology,Levetiracetam 250mg,314,140.29,62.16,44051.06,24532.82
TXN2993,2022-10-13,2022,10,Q4,West,Zone D,Distributor,Neurology,Pregabalin 75mg,412,509.64,309.09,209971.68,82626.6
TXN2994,2023-12-19,2023,12,Q4,South,Zone B,Retail Pharmacy,Oncology,Capecitabine 500mg,301,316.49,158.65,95263.49,47509.84
TXN2995,2023-05-04,2023,5,Q2,North,Zone A,Hospital,Neurology,Pregabalin 75mg,482,469.97,271.27,226525.54,95773.4
TXN2996,2023-07-22,2023,7,Q3,West,Zone D,Hospital,Respiratory,Montelukast 10mg,332,689.63,321.39,228957.16,122255.68
TXN2997,2023-11-05,2023,11,Q4,West,Zone D,Hospital,Diabetes,Glipizide 5mg,477,382.85,185.86,182619.45,93964.23
TXN2998,2023-01-13,2023,1,Q1,South,Zone B,Retail Pharmacy,Cardiovascular,Telmisartan 40mg,221,511.63,224.38,113070.23,63482.25
TXN2999,2023-11-18,2023,11,Q4,North,Zone A,Hospital,Oncology,Capecitabine 500mg,130,687.14,448.77,89328.2,30988.1
TXN3000,2023-08-26,2023,8,Q3,North,Zone A,Distributor,Diabetes,Sitagliptin 50mg,137,787.88,383.92,107939.56,55342.52
